Date,Close
9/9/2010 23:58:00,0.0046303
9/10/2010 23:58:00,0.004625
9/13/2010 23:58:00,0.004623
9/14/2010 23:58:00,0.004614
9/15/2010 23:58:00,0.00462
9/16/2010 23:58:00,0.00461
9/17/2010 23:58:00,0.004583
9/20/2010 23:58:00,0.004562
9/21/2010 23:58:00,0.004558
9/22/2010 23:58:00,0.0045558
9/23/2010 23:58:00,0.004545
9/24/2010 23:58:00,0.004509
9/27/2010 23:58:00,0.004493
9/28/2010 23:58:00,0.004505
9/29/2010 23:58:00,0.004469
9/30/2010 23:58:00,0.0044563
10/1/2010 23:58:00,0.004435
10/4/2010 23:58:00,0.004445
10/5/2010 23:58:00,0.00444
10/6/2010 23:58:00,0.0039771
10/7/2010 23:58:00,0.003978
10/8/2010 23:58:00,0.0039681
10/11/2010 23:58:00,0.0039924
10/12/2010 23:58:00,0.004005
10/13/2010 23:58:00,0.0039906
10/14/2010 23:58:00,0.00396612
10/15/2010 23:58:00,0.0039636
10/18/2010 23:58:00,0.0039753
10/19/2010 23:58:00,0.0039897
10/20/2010 23:58:00,0.003978
10/21/2010 23:58:00,0.003978
10/22/2010 23:58:00,0.0039969
10/25/2010 23:58:00,0.004425
10/26/2010 23:58:00,0.003996
10/27/2010 23:58:00,0.0039978
10/28/2010 23:58:00,0.003987
10/29/2010 23:58:00,0.0039897
11/1/2010 23:58:00,0.0039906
11/2/2010 23:58:00,0.003978
11/3/2010 23:58:00,0.0039825
11/4/2010 23:58:00,0.00396117
11/5/2010 23:58:00,0.003951
11/8/2010 23:58:00,0.003987
11/9/2010 23:58:00,0.0039771
11/10/2010 23:58:00,0.0039834
11/11/2010 23:58:00,0.0039816
11/12/2010 23:58:00,0.0040104
11/15/2010 23:58:00,0.0040599
11/16/2010 23:58:00,0.0040671
11/17/2010 23:58:00,0.00405972
11/18/2010 23:58:00,0.0040635
11/19/2010 23:58:00,0.0040716
11/22/2010 23:58:00,0.004077
11/23/2010 23:58:00,0.0040986
11/24/2010 23:58:00,0.0040959
11/25/2010 23:58:00,0.00410022
11/26/2010 23:58:00,0.0041139
11/29/2010 23:58:00,0.004122
11/30/2010 23:58:00,0.0041193
12/1/2010 23:58:00,0.0040707
12/2/2010 23:58:00,0.0040617
12/3/2010 23:58:00,0.0040302
12/6/2010 23:58:00,0.0040329
12/7/2010 23:58:00,0.004005
12/8/2010 23:58:00,0.00405
12/9/2010 23:58:00,0.0040545
12/10/2010 23:58:00,0.0040464
12/13/2010 23:58:00,0.0040419
12/14/2010 23:58:00,0.0040419
12/15/2010 23:58:00,0.0040725
12/16/2010 23:58:00,0.0040725
12/17/2010 23:58:00,0.0040635
12/20/2010 23:58:00,0.0040734
12/21/2010 23:58:00,0.0040662
12/22/2010 23:58:00,0.0040455
12/23/2010 23:58:00,0.0040554
12/24/2010 23:58:00,0.0040509
12/27/2010 23:58:00,0.004059
12/28/2010 23:58:00,0.0040455
12/29/2010 23:58:00,0.0040428
12/30/2010 23:58:00,0.0040329
12/31/2010 23:58:00,0.0040104
1/3/2011 23:58:00,0.0040149
1/4/2011 23:58:00,0.004041
1/5/2011 23:58:00,0.0040689
1/6/2011 23:58:00,0.0040662
1/7/2011 23:58:00,0.0040635
1/10/2011 23:58:00,0.0040779
1/11/2011 23:58:00,0.00405882
1/12/2011 23:58:00,0.004491
1/13/2011 23:58:00,0.0040464
1/14/2011 23:58:00,0.0040725
1/17/2011 23:58:00,0.0040896
1/18/2011 23:58:00,0.0040788
1/19/2011 23:58:00,0.004077
1/20/2011 23:58:00,0.00412002
1/21/2011 23:58:00,0.004545
1/24/2011 23:58:00,0.0040905
1/25/2011 23:58:00,0.004104
1/26/2011 23:58:00,0.0040905
1/27/2011 23:58:00,0.00411192
1/28/2011 23:58:00,0.0045838
1/31/2011 23:58:00,0.004122
2/1/2011 23:58:00,0.0040869
2/2/2011 23:58:00,0.0040905
2/3/2011 23:58:00,0.0041004
2/4/2011 23:58:00,0.0040914
2/7/2011 23:58:00,0.004531
2/8/2011 23:58:00,0.0040635
2/9/2011 23:58:00,0.0040815
2/10/2011 23:58:00,0.0041067
2/11/2011 23:58:00,0.0040995
2/14/2011 23:58:00,0.0040815
2/15/2011 23:58:00,0.0040869
2/16/2011 23:58:00,0.0040779
2/17/2011 23:58:00,0.004521
2/18/2011 23:58:00,0.0040554
2/21/2011 23:58:00,0.0044918
2/22/2011 23:58:00,0.004515
2/23/2011 23:58:00,0.004505
2/24/2011 23:58:00,0.00454
2/25/2011 23:58:00,0.004525
2/28/2011 23:58:00,0.00451
3/1/2011 23:58:00,0.004483
3/2/2011 23:58:00,0.004481
3/3/2011 23:58:00,0.004485
3/4/2011 23:58:00,0.004482
3/7/2011 23:58:00,0.004497
3/8/2011 23:58:00,0.00449
3/9/2011 23:58:00,0.004487
3/10/2011 23:58:00,0.004511
3/11/2011 23:58:00,0.004506
3/14/2011 23:58:00,0.004495
3/15/2011 23:58:00,0.004516
3/16/2011 23:58:00,0.004502
3/17/2011 23:58:00,0.0040545
3/18/2011 23:58:00,0.004495
3/21/2011 23:58:00,0.0040419
3/22/2011 23:58:00,0.0040365
3/23/2011 23:58:00,0.0040275
3/24/2011 23:58:00,0.004014
3/25/2011 23:58:00,0.00402237
3/28/2011 23:58:00,0.004023
3/29/2011 23:58:00,0.0040194
3/30/2011 23:58:00,0.0040149
3/31/2011 23:58:00,0.0040005
4/1/2011 23:58:00,0.0039969
4/3/2011 23:58:00,0.00400032
4/4/2011 23:58:00,0.00398862
4/5/2011 23:58:00,0.003987
4/6/2011 23:58:00,0.0039645
4/7/2011 23:58:00,0.003969
4/8/2011 23:58:00,0.00396567
4/9/2011 23:58:00,0.00396567
4/11/2011 23:58:00,0.0039834
4/12/2011 23:58:00,0.00397692
4/13/2011 23:58:00,0.0039978
4/14/2011 23:58:00,0.003996
4/15/2011 23:58:00,0.0039825
4/17/2011 23:58:00,0.00398457
4/18/2011 23:58:00,0.0039924
4/19/2011 23:58:00,0.0039969
4/20/2011 23:58:00,0.0039834
4/21/2011 23:58:00,0.0039834
4/24/2011 23:58:00,0.00398412
4/26/2011 23:58:00,0.0039969
4/27/2011 23:58:00,0.0039897
4/28/2011 23:58:00,0.003987
4/29/2011 23:58:00,0.0039735
4/30/2011 23:58:00,0.00398232
5/2/2011 23:58:00,0.0039798
5/3/2011 23:58:00,0.0039969
5/4/2011 23:58:00,0.0039888
5/5/2011 23:58:00,0.004023
5/6/2011 23:58:00,0.0040149
5/7/2011 23:58:00,0.00402507
5/9/2011 23:58:00,0.0040149
5/10/2011 23:58:00,0.0040149
5/11/2011 23:58:00,0.0040122
5/12/2011 23:58:00,0.0040239
5/13/2011 23:58:00,0.004032
5/15/2011 23:58:00,0.00403722
5/16/2011 23:58:00,0.0040464
5/17/2011 23:58:00,0.0040509
5/18/2011 23:58:00,0.0040464
5/19/2011 23:58:00,0.0040365
5/20/2011 23:58:00,0.0040374
5/21/2011 23:58:00,0.00404937
5/23/2011 23:58:00,0.0040635
5/24/2011 23:58:00,0.0040644
5/25/2011 23:58:00,0.0040707
5/26/2011 23:58:00,0.0040671
5/27/2011 23:58:00,0.0040608
5/28/2011 23:58:00,0.00406557
5/30/2011 23:58:00,0.00405747
5/31/2011 23:58:00,0.0040464
6/1/2011 23:58:00,0.0040284
6/2/2011 23:58:00,0.0040284
6/3/2011 23:58:00,0.0040284
6/5/2011 23:58:00,0.00403407
6/6/2011 23:58:00,0.0040203
6/7/2011 23:58:00,0.0040149
6/8/2011 23:58:00,0.0040194
6/9/2011 23:58:00,0.004014
6/10/2011 23:58:00,0.0040239
6/11/2011 23:58:00,0.00402507
6/13/2011 23:58:00,0.003584
6/14/2011 23:58:00,0.00357912
6/15/2011 23:58:00,0.0040239
6/16/2011 23:58:00,0.004032
6/17/2011 23:58:00,0.0040302
6/18/2011 23:58:00,0.00402867
6/20/2011 23:58:00,0.0040383
6/21/2011 23:58:00,0.0040284
6/22/2011 23:58:00,0.0040275
6/23/2011 23:58:00,0.0040365
6/24/2011 23:58:00,0.00404892
6/25/2011 23:58:00,0.00404892
6/27/2011 23:58:00,0.0040455
6/28/2011 23:58:00,0.0040446
6/29/2011 23:58:00,0.0040284
6/30/2011 23:58:00,0.00401337
7/1/2011 23:58:00,0.0040023
7/2/2011 23:58:00,0.00401607
7/4/2011 23:58:00,0.0039978
7/5/2011 23:58:00,0.0039906
7/6/2011 23:58:00,0.0039897
7/7/2011 23:58:00,0.0039897
7/8/2011 23:58:00,0.003987
7/10/2011 23:58:00,0.00399717
7/11/2011 23:58:00,0.0039915
7/12/2011 23:58:00,0.0040104
7/13/2011 23:58:00,0.0040005
7/14/2011 23:58:00,0.003996
7/15/2011 23:58:00,0.0040005
7/16/2011 23:58:00,0.00400572
7/18/2011 23:58:00,0.004005
7/19/2011 23:58:00,0.0039969
7/20/2011 23:58:00,0.0039933
7/21/2011 23:58:00,0.003987
7/22/2011 23:58:00,0.0039897
7/24/2011 23:58:00,0.00399087
7/25/2011 23:58:00,0.0039879
7/26/2011 23:58:00,0.0039645
7/27/2011 23:58:00,0.0039627
7/28/2011 23:58:00,0.0039609
7/29/2011 23:58:00,0.0039654
7/30/2011 23:58:00,0.00397827
8/1/2011 23:58:00,0.00396567
8/2/2011 23:58:00,0.00398367
8/3/2011 23:58:00,0.00398817
8/4/2011 23:58:00,0.00401067
8/5/2011 23:58:00,0.00402597
8/6/2011 23:58:00,0.00402597
8/8/2011 23:58:00,0.00405027
8/9/2011 23:58:00,0.00406827
8/10/2011 23:58:00,0.00407232
8/11/2011 23:58:00,0.00407637
8/15/2011 23:58:00,0.00407097
8/16/2011 23:58:00,0.00407277
8/17/2011 23:58:00,0.00407727
8/18/2011 23:58:00,0.0041139
8/19/2011 23:58:00,0.0041049
8/20/2011 23:58:00,0.00410967
8/22/2011 23:58:00,0.0041049
8/23/2011 23:58:00,0.0040986
8/24/2011 23:58:00,0.0041346
8/25/2011 23:58:00,0.0041409
8/26/2011 23:58:00,0.004149
8/27/2011 23:58:00,0.00415377
8/29/2011 23:58:00,0.0041265
8/30/2011 23:58:00,0.0041346
8/31/2011 23:58:00,0.0041166
9/1/2011 23:58:00,0.004113
9/2/2011 23:58:00,0.0041139
9/3/2011 23:58:00,0.00411642
9/5/2011 23:58:00,0.00413856
9/6/2011 23:58:00,0.0041436
9/7/2011 23:58:00,0.0041436
9/8/2011 23:58:00,0.0041517
9/9/2011 23:58:00,0.0041859
9/11/2011 23:58:00,0.00419787
9/12/2011 23:58:00,0.0042444
9/13/2011 23:58:00,0.0042714
9/14/2011 23:58:00,0.0042804
9/15/2011 23:58:00,0.004275
9/16/2011 23:58:00,0.0042453
9/19/2011 23:58:00,0.00429507
9/20/2011 23:58:00,0.0043119
9/21/2011 23:58:00,0.0043389
9/22/2011 23:58:00,0.00445257
9/23/2011 23:58:00,0.00444087
9/24/2011 23:58:00,0.00444087
9/26/2011 23:58:00,0.004446
9/27/2011 23:58:00,0.0043929
9/28/2011 23:58:00,0.0043875
9/29/2011 23:58:00,0.0043974
9/30/2011 23:58:00,0.0044145
10/3/2011 23:58:00,0.004419
10/4/2011 23:58:00,0.00443727
10/5/2011 23:58:00,0.0044235
10/6/2011 23:58:00,0.0044136
10/7/2011 23:58:00,0.0044064
10/9/2011 23:58:00,0.00440037
10/10/2011 23:58:00,0.00439317
10/11/2011 23:58:00,0.00443142
10/12/2011 23:58:00,0.0044019
10/13/2011 23:58:00,0.004428
10/14/2011 23:58:00,0.0043965
10/15/2011 23:58:00,0.00440037
10/17/2011 23:58:00,0.004401
10/18/2011 23:58:00,0.0044316
10/19/2011 23:58:00,0.0044109
10/20/2011 23:58:00,0.0044874
10/21/2011 23:58:00,0.004473
10/22/2011 23:58:00,0.00448407
10/24/2011 23:58:00,0.0044595
10/25/2011 23:58:00,0.0044469
10/26/2011 23:58:00,0.0044424
10/27/2011 23:58:00,0.0044811
10/28/2011 23:58:00,0.004374
10/31/2011 23:58:00,0.00438057
11/1/2011 23:58:00,0.00443322
11/2/2011 23:58:00,0.00442107
11/3/2011 23:58:00,0.00441432
11/4/2011 23:58:00,0.0044055
11/5/2011 23:58:00,0.00440937
11/7/2011 23:58:00,0.0044019
11/8/2011 23:58:00,0.0044379
11/9/2011 23:58:00,0.0045045
11/10/2011 23:58:00,0.0044964
11/11/2011 23:58:00,0.0044802
11/13/2011 23:58:00,0.00450297
11/14/2011 23:58:00,0.00453312
11/15/2011 23:58:00,0.00455607
11/16/2011 23:58:00,0.00456327
11/17/2011 23:58:00,0.00458532
11/18/2011 23:58:00,0.00461052
11/19/2011 23:58:00,0.00461052
11/21/2011 23:58:00,0.00468522
11/22/2011 23:58:00,0.00472347
11/23/2011 23:58:00,0.00470322
11/24/2011 23:58:00,0.00468567
11/25/2011 23:58:00,0.00470052
11/26/2011 23:58:00,0.00470052
12/1/2011 23:58:00,0.004617
12/2/2011 23:58:00,0.0045945
12/4/2011 23:58:00,0.00459927
12/5/2011 23:58:00,0.004608
12/6/2011 23:58:00,0.004608
12/7/2011 23:58:00,0.004644
12/8/2011 23:58:00,0.004653
12/9/2011 23:58:00,0.0046701
12/10/2011 23:58:00,0.00466812
12/12/2011 23:58:00,0.0047385
12/13/2011 23:58:00,0.004779
12/14/2011 23:58:00,0.0048339
12/15/2011 23:58:00,0.0047889
12/16/2011 23:58:00,0.004725
12/18/2011 23:58:00,0.00472437
12/19/2011 23:58:00,0.004743
12/20/2011 23:58:00,0.0047439
12/21/2011 23:58:00,0.00471537
12/22/2011 23:58:00,0.0047259
12/23/2011 23:58:00,0.0047439
12/24/2011 23:58:00,0.00475047
12/27/2011 23:58:00,0.0047565
12/28/2011 23:58:00,0.0047574
12/29/2011 23:58:00,0.00477
12/30/2011 23:58:00,0.0047691
12/31/2011 23:58:00,0.00477072
1/2/2012 23:58:00,0.00479682
1/3/2012 23:58:00,0.0047745
1/4/2012 23:58:00,0.0047565
1/5/2012 23:58:00,0.0047484
1/6/2012 23:58:00,0.0047349
1/7/2012 23:58:00,0.00474057
1/9/2012 23:58:00,0.0047142
1/10/2012 23:58:00,0.004644
1/11/2012 23:58:00,0.0046575
1/12/2012 23:58:00,0.0046305
1/13/2012 23:58:00,0.004626
1/14/2012 23:58:00,0.00462897
1/16/2012 23:58:00,0.0046242
1/17/2012 23:58:00,0.0045585
1/18/2012 23:58:00,0.0045324
1/19/2012 23:58:00,0.00452727
1/20/2012 23:58:00,0.004518
1/21/2012 23:58:00,0.00452007
1/23/2012 23:58:00,0.0044856
1/24/2012 23:58:00,0.0045
1/25/2012 23:58:00,0.0045
1/26/2012 23:58:00,0.0044424
1/27/2012 23:58:00,0.004428
1/28/2012 23:58:00,0.00444492
1/30/2012 23:58:00,0.00446967
1/31/2012 23:58:00,0.004455
2/1/2012 23:58:00,0.0044109
2/2/2012 23:58:00,0.00441
2/3/2012 23:58:00,0.0043704
2/4/2012 23:58:00,0.00437877
2/6/2012 23:58:00,0.00441477
2/7/2012 23:58:00,0.00442512
2/8/2012 23:58:00,0.00393184
2/9/2012 23:58:00,0.00395904
2/10/2012 23:58:00,0.00394824
2/11/2012 23:58:00,0.00394824
2/12/2012 23:58:00,0.00394824
2/13/2012 23:58:00,0.00393504
2/14/2012 23:58:00,0.00394864
2/15/2012 23:58:00,0.00394264
2/16/2012 23:58:00,0.00394264
2/17/2012 23:58:00,0.00394544
2/18/2012 23:58:00,0.00394544
2/19/2012 23:58:00,0.00394544
2/20/2012 23:58:00,0.00393184
2/21/2012 23:58:00,0.00394424
2/22/2012 23:58:00,0.00393744
2/23/2012 23:58:00,0.00392744
2/24/2012 23:58:00,0.00392064
2/25/2012 23:58:00,0.00392064
2/27/2012 23:58:00,0.00393304
2/28/2012 23:58:00,0.00392544
2/29/2012 23:58:00,0.00392024
3/1/2012 23:58:00,0.00393584
3/2/2012 23:58:00,0.00396144
3/3/2012 23:58:00,0.00396144
3/4/2012 23:58:00,0.00396144
3/5/2012 23:58:00,0.00398664
3/6/2012 23:58:00,0.00402864
3/7/2012 23:58:00,0.00402224
3/8/2012 23:58:00,0.00400584
3/9/2012 23:58:00,0.00398024
3/12/2012 23:58:00,0.00399744
3/13/2012 23:58:00,0.0039864
3/14/2012 23:58:00,0.00399264
3/15/2012 23:58:00,0.00403024
3/16/2012 23:58:00,0.00401064
3/17/2012 23:58:00,0.00401064
3/19/2012 23:58:00,0.00401824
3/20/2012 23:58:00,0.00403104
3/21/2012 23:58:00,0.00405024
3/22/2012 23:58:00,0.0040896
3/23/2012 23:58:00,0.00409344
3/24/2012 23:58:00,0.00409344
3/26/2012 23:58:00,0.00408184
3/27/2012 23:58:00,0.00405424
3/28/2012 23:58:00,0.00406184
3/29/2012 23:58:00,0.00411184
3/30/2012 23:58:00,0.00406944
3/31/2012 23:58:00,0.00406944
4/2/2012 23:58:00,0.00406944
4/3/2012 23:58:00,0.00402
4/4/2012 23:58:00,0.00408864
4/5/2012 23:58:00,0.00408264
4/7/2012 23:58:00,0.00408264
4/8/2012 23:58:00,0.00408264
4/10/2012 23:58:00,0.00411784
4/11/2012 23:58:00,0.00411344
4/12/2012 23:58:00,0.00409824
4/13/2012 23:58:00,0.00412344
4/14/2012 23:58:00,0.00412344
4/16/2012 23:58:00,0.00413344
4/17/2012 23:58:00,0.00411744
4/18/2012 23:58:00,0.00414304
4/19/2012 23:58:00,0.00417104
4/20/2012 23:58:00,0.00416544
4/22/2012 23:58:00,0.00416544
4/23/2012 23:58:00,0.00419984
4/24/2012 23:58:00,0.00421384
4/25/2012 23:58:00,0.00420304
4/26/2012 23:58:00,0.00419224
4/27/2012 23:58:00,0.00420304
4/29/2012 23:58:00,0.00420304
4/30/2012 23:58:00,0.00421264
5/2/2012 23:58:00,0.00423664
5/3/2012 23:58:00,0.00427264
5/4/2012 23:58:00,0.00427744
5/6/2012 23:58:00,0.00427744
5/7/2012 23:58:00,0.00423224
5/8/2012 23:58:00,0.00424944
5/9/2012 23:58:00,0.00430544
5/10/2012 23:58:00,0.00426024
5/11/2012 23:58:00,0.00429024
5/12/2012 23:58:00,0.00429024
5/13/2012 23:58:00,0.00429024
5/14/2012 23:58:00,0.00431664
5/15/2012 23:58:00,0.00430304
5/16/2012 23:58:00,0.00435904
5/17/2012 23:58:00,0.00435744
5/18/2012 23:58:00,0.00435344
5/19/2012 23:58:00,0.00435344
5/21/2012 23:58:00,0.00440224
5/22/2012 23:58:00,0.00443104
5/23/2012 23:58:00,0.00447944
5/24/2012 23:58:00,0.0044448
5/25/2012 23:58:00,0.00442944
5/27/2012 23:58:00,0.00442944
5/28/2012 23:58:00,0.00442944
5/29/2012 23:58:00,0.00445344
5/30/2012 23:58:00,0.00449824
5/31/2012 23:58:00,0.00448624
6/1/2012 23:58:00,0.00444304
6/3/2012 23:58:00,0.00444304
6/4/2012 23:58:00,0.00445184
6/5/2012 23:58:00,0.00445104
6/6/2012 23:58:00,0.00442864
6/7/2012 23:58:00,0.00439504
6/8/2012 23:58:00,0.00443344
6/10/2012 23:58:00,0.00443344
6/11/2012 23:58:00,0.00445904
6/12/2012 23:58:00,0.00446384
6/13/2012 23:58:00,0.00445424
6/14/2012 23:58:00,0.00446384
6/15/2012 23:58:00,0.00443104
6/16/2012 23:58:00,0.00443104
6/18/2012 23:58:00,0.00447224
6/19/2012 23:58:00,0.00447584
6/20/2012 23:58:00,0.00449184
6/21/2012 23:58:00,0.00450384
6/22/2012 23:58:00,0.00456944
6/23/2012 23:58:00,0.00456944
6/24/2012 23:58:00,0.00456944
6/25/2012 23:58:00,0.00456064
6/26/2012 23:58:00,0.00456064
6/27/2012 23:58:00,0.00455064
6/28/2012 23:58:00,0.00454384
6/29/2012 23:58:00,0.00444024
6/30/2012 23:58:00,0.00444024
7/2/2012 23:58:00,0.0044248
7/3/2012 23:58:00,0.00434864
7/4/2012 23:58:00,0.00435824
7/5/2012 23:58:00,0.00439504
7/6/2012 23:58:00,0.00443224
7/7/2012 23:58:00,0.00443224
7/9/2012 23:58:00,0.00446744
7/10/2012 23:58:00,0.00443104
7/11/2012 23:58:00,0.00444944
7/12/2012 23:58:00,0.00447424
7/13/2012 23:58:00,0.00441104
7/14/2012 23:58:00,0.00441104
7/16/2012 23:58:00,0.00440384
7/17/2012 23:58:00,0.00440784
7/18/2012 23:58:00,0.00442504
7/19/2012 23:58:00,0.00440944
7/20/2012 23:58:00,0.00442544
7/21/2012 23:58:00,0.00442544
7/23/2012 23:58:00,0.00447704
7/24/2012 23:58:00,0.00448864
7/25/2012 23:58:00,0.00449264
7/26/2012 23:58:00,0.00444144
7/27/2012 23:58:00,0.00441984
7/29/2012 23:58:00,0.00441984
7/30/2012 23:58:00,0.00443464
7/31/2012 23:58:00,0.00445184
8/1/2012 23:58:00,0.00443744
8/2/2012 23:58:00,0.00446704
8/3/2012 23:58:00,0.00445984
8/4/2012 23:58:00,0.00445984
8/6/2012 23:58:00,0.00444144
8/7/2012 23:58:00,0.004392
8/8/2012 23:58:00,0.00443344
8/9/2012 23:58:00,0.00442144
8/10/2012 23:58:00,0.00442224
8/11/2012 23:58:00,0.00442224
8/13/2012 23:58:00,0.00442704
8/14/2012 23:58:00,0.00445184
8/15/2012 23:58:00,0.00445184
8/16/2012 23:58:00,0.00444944
8/17/2012 23:58:00,0.00445824
8/18/2012 23:58:00,0.00445824
8/19/2012 23:58:00,0.00445824
8/20/2012 23:58:00,0.00443984
8/22/2012 23:58:00,0.00443944
8/23/2012 23:58:00,0.00442064
8/24/2012 23:58:00,0.00443984
8/25/2012 23:58:00,0.00443984
8/27/2012 23:58:00,0.00445504
8/28/2012 23:58:00,0.00445304
8/29/2012 23:58:00,0.00444984
8/30/2012 23:58:00,0.00445024
8/31/2012 23:58:00,0.00444144
9/1/2012 23:58:00,0.00444144
9/2/2012 23:58:00,0.00444144
9/3/2012 23:58:00,0.00444224
9/4/2012 23:58:00,0.00445184
9/5/2012 23:58:00,0.00447224
9/6/2012 23:58:00,0.00445264
9/7/2012 23:58:00,0.00442864
9/8/2012 23:58:00,0.00442864
9/10/2012 23:58:00,0.00443504
9/11/2012 23:58:00,0.00442704
9/12/2012 23:58:00,0.00441664
9/13/2012 23:58:00,0.00443344
9/14/2012 23:58:00,0.00434384
9/15/2012 23:58:00,0.00434384
9/17/2012 23:58:00,0.00432064
9/18/2012 23:58:00,0.00432144
9/19/2012 23:58:00,0.00432144
9/20/2012 23:58:00,0.00434064
9/21/2012 23:58:00,0.00426864
9/22/2012 23:58:00,0.00426864
9/24/2012 23:58:00,0.00427744
9/25/2012 23:58:00,0.00426864
9/26/2012 23:58:00,0.00428064
9/27/2012 23:58:00,0.00424064
9/28/2012 23:58:00,0.00422784
9/29/2012 23:58:00,0.00422784
10/1/2012 23:58:00,0.00419184
10/2/2012 23:58:00,0.00419184
10/3/2012 23:58:00,0.00417224
10/4/2012 23:58:00,0.00413904
10/5/2012 23:58:00,0.00415264
10/7/2012 23:58:00,0.00415264
10/8/2012 23:58:00,0.00421104
10/9/2012 23:58:00,0.00421744
10/10/2012 23:58:00,0.00424344
10/11/2012 23:58:00,0.00421344
10/12/2012 23:58:00,0.004212
10/13/2012 23:58:00,0.00422424
10/14/2012 23:58:00,0.00422424
10/15/2012 23:58:00,0.00424104
10/16/2012 23:58:00,0.00422944
10/17/2012 23:58:00,0.00422944
10/18/2012 23:58:00,0.00427264
10/19/2012 23:58:00,0.00430704
10/20/2012 23:58:00,0.00430704
10/21/2012 23:58:00,0.00430704
10/22/2012 23:58:00,0.00427744
10/23/2012 23:58:00,0.00429744
10/24/2012 23:58:00,0.00429864
10/25/2012 23:58:00,0.00428384
10/26/2012 23:58:00,0.00428384
10/27/2012 23:58:00,0.00428384
10/29/2012 23:58:00,0.00432624
10/30/2012 23:58:00,0.00431664
10/31/2012 23:58:00,0.00430384
11/1/2012 23:58:00,0.00429224
11/2/2012 23:58:00,0.00430464
11/3/2012 23:58:00,0.00430464
11/4/2012 23:58:00,0.00430464
11/5/2012 23:58:00,0.00436704
11/6/2012 23:58:00,0.00435344
11/7/2012 23:58:00,0.00433584
11/8/2012 23:58:00,0.00434864
11/9/2012 23:58:00,0.00436704
11/10/2012 23:58:00,0.00436704
11/12/2012 23:58:00,0.00439024
11/13/2012 23:58:00,0.00439024
11/14/2012 23:58:00,0.00438424
11/15/2012 23:58:00,0.00437584
11/16/2012 23:58:00,0.0044128
11/17/2012 23:58:00,0.00441264
11/19/2012 23:58:00,0.00440464
11/20/2012 23:58:00,0.00440784
11/21/2012 23:58:00,0.00440864
11/22/2012 23:58:00,0.00441664
11/23/2012 23:58:00,0.00443544
11/24/2012 23:58:00,0.00443544
11/26/2012 23:58:00,0.00445088
11/27/2012 23:58:00,0.00443584
11/28/2012 23:58:00,0.00445624
11/29/2012 23:58:00,0.00438704
11/30/2012 23:58:00,0.00434064
12/1/2012 23:58:00,0.00434064
12/3/2012 23:58:00,0.00438144
12/4/2012 23:58:00,0.00437384
12/5/2012 23:58:00,0.00436304
12/6/2012 23:58:00,0.00433064
12/7/2012 23:58:00,0.00434704
12/8/2012 23:58:00,0.00434704
12/10/2012 23:58:00,0.00435904
12/11/2012 23:58:00,0.00434064
12/12/2012 23:58:00,0.00434544
12/13/2012 23:58:00,0.00435664
12/14/2012 23:58:00,0.00435504
12/15/2012 23:58:00,0.00435504
12/17/2012 23:58:00,0.00438784
12/18/2012 23:58:00,0.00438784
12/19/2012 23:58:00,0.00436384
12/20/2012 23:58:00,0.00438784
12/21/2012 23:58:00,0.00440464
12/24/2012 23:58:00,0.00439584
12/25/2012 23:58:00,0.00440064
12/26/2012 23:58:00,0.00438704
12/27/2012 23:58:00,0.00439536
12/28/2012 23:58:00,0.00438
12/29/2012 23:58:00,0.00438024
12/31/2012 23:58:00,0.00439944
1/1/2013 23:58:00,0.00437424
1/2/2013 23:58:00,0.00434784
1/3/2013 23:58:00,0.00435984
1/4/2013 23:58:00,0.00439464
1/5/2013 23:58:00,0.0043904
1/7/2013 23:58:00,0.00441744
1/8/2013 23:58:00,0.00439904
1/9/2013 23:58:00,0.00437984
1/10/2013 23:58:00,0.00436464
1/11/2013 23:58:00,0.00438944
1/12/2013 23:58:00,0.00438944
1/14/2013 23:58:00,0.00435944
1/15/2013 23:58:00,0.00436904
1/16/2013 23:58:00,0.00437504
1/17/2013 23:58:00,0.00434784
1/18/2013 23:58:00,0.00429904
1/19/2013 23:58:00,0.00429904
1/21/2013 23:58:00,0.00430144
1/22/2013 23:58:00,0.00430464
1/23/2013 23:58:00,0.00429344
1/24/2013 23:58:00,0.00429424
1/25/2013 23:58:00,0.00430344
1/26/2013 23:58:00,0.00430344
1/28/2013 23:58:00,0.00431264
1/29/2013 23:58:00,0.00430064
1/30/2013 23:58:00,0.00426424
1/31/2013 23:58:00,0.00425704
2/1/2013 23:58:00,0.00425304
2/3/2013 23:58:00,0.00425304
2/4/2013 23:58:00,0.00426264
2/5/2013 23:58:00,0.00425064
2/6/2013 23:58:00,0.00425224
2/7/2013 23:58:00,0.00425744
2/8/2013 23:58:00,0.00428704
2/9/2013 23:58:00,0.00428704
2/11/2013 23:58:00,0.00431664
2/12/2013 23:58:00,0.00430784
2/13/2013 23:58:00,0.00430544
2/14/2013 23:58:00,0.00431344
2/15/2013 23:58:00,0.00434544
2/16/2013 23:58:00,0.00434544
2/18/2013 23:58:00,0.00433424
2/19/2013 23:58:00,0.00433304
2/20/2013 23:58:00,0.00432544
2/21/2013 23:58:00,0.00435744
2/22/2013 23:58:00,0.00434184
2/23/2013 23:58:00,0.00434184
2/25/2013 23:58:00,0.00430904
2/26/2013 23:58:00,0.00432704
2/27/2013 23:58:00,0.00430864
2/28/2013 23:58:00,0.00434904
3/1/2013 23:58:00,0.00439184
3/2/2013 23:58:00,0.00439184
3/4/2013 23:58:00,0.00438864
3/5/2013 23:58:00,0.00439344
3/6/2013 23:58:00,0.00437704
3/7/2013 23:58:00,0.00436464
3/8/2013 23:58:00,0.00434744
3/9/2013 23:58:00,0.00434744
3/11/2013 23:58:00,0.00435264
3/12/2013 23:58:00,0.00433136
3/13/2013 23:58:00,0.00434904
3/14/2013 23:58:00,0.00434824
3/15/2013 23:58:00,0.00432184
3/16/2013 23:58:00,0.00432184
3/18/2013 23:58:00,0.00432584
3/19/2013 23:58:00,0.00434944
3/20/2013 23:58:00,0.004348
3/21/2013 23:58:00,0.00434224
3/22/2013 23:58:00,0.00434744
3/23/2013 23:58:00,0.00434744
3/25/2013 23:58:00,0.00433344
3/26/2013 23:58:00,0.00434904
3/27/2013 23:58:00,0.00435104
3/28/2013 23:58:00,0.00434224
3/29/2013 23:58:00,0.00434224
3/30/2013 23:58:00,0.00434224
4/2/2013 23:58:00,0.00435384
4/3/2013 23:58:00,0.00435424
4/4/2013 23:58:00,0.00439064
4/5/2013 23:58:00,0.00438424
4/7/2013 23:58:00,0.00438424
4/8/2013 23:58:00,0.00436464
4/9/2013 23:58:00,0.00436624
4/10/2013 23:58:00,0.00436104
4/11/2013 23:58:00,0.00434384
4/12/2013 23:58:00,0.00436104
4/13/2013 23:58:00,0.00436104
4/14/2013 23:58:00,0.00436104
4/15/2013 23:58:00,0.00436344
4/16/2013 23:58:00,0.00433184
4/17/2013 23:58:00,0.00433664
4/18/2013 23:58:00,0.00432184
4/19/2013 23:58:00,0.00431464
4/21/2013 23:58:00,0.00431464
4/22/2013 23:58:00,0.00433104
4/23/2013 23:58:00,0.00435024
4/24/2013 23:58:00,0.00434184
4/25/2013 23:58:00,0.00433744
4/26/2013 23:58:00,0.00434984
4/27/2013 23:58:00,0.00434984
4/28/2013 23:58:00,0.00434984
4/29/2013 23:58:00,0.00433824
4/30/2013 23:58:00,0.00430384
5/1/2013 23:58:00,0.00429264
5/2/2013 23:58:00,0.00430464
5/3/2013 23:58:00,0.00430424
5/4/2013 23:58:00,0.00430424
5/6/2013 23:58:00,0.00433384
5/7/2013 23:58:00,0.00433024
5/8/2013 23:58:00,0.00433264
5/9/2013 23:58:00,0.00433984
5/10/2013 23:58:00,0.00438424
5/11/2013 23:58:00,0.00438424
5/13/2013 23:58:00,0.00438624
5/14/2013 23:58:00,0.00438384
5/15/2013 23:58:00,0.00438224
5/16/2013 23:58:00,0.00438224
5/17/2013 23:58:00,0.00439104
5/18/2013 23:58:00,0.00439104
5/19/2013 23:58:00,0.00439104
5/20/2013 23:58:00,0.00440864
5/21/2013 23:58:00,0.00443264
5/22/2013 23:58:00,0.00445224
5/23/2013 23:58:00,0.00445664
5/24/2013 23:58:00,0.00446504
5/25/2013 23:58:00,0.00446504
5/27/2013 23:58:00,0.0044452
5/28/2013 23:58:00,0.00448864
5/29/2013 23:58:00,0.00450384
5/30/2013 23:58:00,0.00451024
5/31/2013 23:58:00,0.00452584
6/2/2013 23:58:00,0.00452584
6/3/2013 23:58:00,0.00453344
6/4/2013 23:58:00,0.00451504
6/5/2013 23:58:00,0.00453784
6/6/2013 23:58:00,0.00454704
6/7/2013 23:58:00,0.00456464
6/8/2013 23:58:00,0.00456464
6/9/2013 23:58:00,0.00456464
6/10/2013 23:58:00,0.00465184
6/11/2013 23:58:00,0.00466664
6/12/2013 23:58:00,0.00462624
6/13/2013 23:58:00,0.00463984
6/14/2013 23:58:00,0.00459984
6/15/2013 23:58:00,0.00459984
6/16/2013 23:58:00,0.00459984
6/17/2013 23:58:00,0.00464824
6/18/2013 23:58:00,0.00470704
6/19/2013 23:58:00,0.00469704
6/20/2013 23:58:00,0.00476544
6/21/2013 23:58:00,0.0047488
6/22/2013 23:58:00,0.00474144
6/23/2013 23:58:00,0.00474144
6/24/2013 23:58:00,0.00478464
6/25/2013 23:58:00,0.00477264
6/26/2013 23:58:00,0.00485704
6/27/2013 23:58:00,0.00481504
6/28/2013 23:58:00,0.00476208
6/29/2013 23:58:00,0.00476208
6/30/2013 23:58:00,0.00476208
7/1/2013 23:58:00,0.00475024
7/2/2013 23:58:00,0.00476384
7/3/2013 23:58:00,0.00481752
7/4/2013 23:58:00,0.004814
7/5/2013 23:58:00,0.00481784
7/6/2013 23:58:00,0.00481784
7/7/2013 23:58:00,0.00481784
7/8/2013 23:58:00,0.00485504
7/9/2013 23:58:00,0.0048076
7/10/2013 23:58:00,0.00479104
7/11/2013 23:58:00,0.00478616
7/12/2013 23:58:00,0.00479072
7/13/2013 23:58:00,0.00479072
7/14/2013 23:58:00,0.00479072
7/15/2013 23:58:00,0.00478464
7/16/2013 23:58:00,0.00474344
7/17/2013 23:58:00,0.00237292
7/18/2013 23:58:00,0.00238952
7/19/2013 23:58:00,0.00237332
7/20/2013 23:58:00,0.00237332
7/22/2013 23:58:00,0.00238872
7/23/2013 23:58:00,0.00239032
7/24/2013 23:58:00,0.00236508
7/25/2013 23:58:00,0.0023556
7/26/2013 23:58:00,0.00236152
7/27/2013 23:58:00,0.00236152
7/28/2013 23:58:00,0.0023624
7/29/2013 23:58:00,0.00237648
7/30/2013 23:58:00,0.00243232
7/31/2013 23:58:00,0.0024252
8/1/2013 23:58:00,0.00241732
8/2/2013 23:58:00,0.00244
8/3/2013 23:58:00,0.00244392
8/4/2013 23:58:00,0.00244392
8/5/2013 23:58:00,0.00243508
8/6/2013 23:58:00,0.00243132
8/7/2013 23:58:00,0.00244812
8/8/2013 23:58:00,0.00242896
8/9/2013 23:58:00,0.00242688
8/12/2013 23:58:00,0.0024548
8/13/2013 23:58:00,0.002458
8/14/2013 23:58:00,0.0024516
8/15/2013 23:58:00,0.0024504
8/16/2013 23:58:00,0.00246632
8/17/2013 23:58:00,0.00246632
8/18/2013 23:58:00,0.0024996
8/19/2013 23:58:00,0.002554
8/20/2013 23:58:00,0.0025344
8/21/2013 23:58:00,0.0025876
8/22/2013 23:58:00,0.0025764
8/23/2013 23:58:00,0.00252792
8/24/2013 23:58:00,0.00252792
8/25/2013 23:58:00,0.0025628
8/26/2013 23:58:00,0.00257172
8/27/2013 23:58:00,0.00265212
8/28/2013 23:58:00,0.002694
8/29/2013 23:58:00,0.0026956
8/30/2013 23:58:00,0.00262792
8/31/2013 23:58:00,0.00262792
9/2/2013 23:58:00,0.0026604
9/3/2013 23:58:00,0.0027444
9/4/2013 23:58:00,0.0026508
9/5/2013 23:58:00,0.0026264
9/6/2013 23:58:00,0.00260952
9/7/2013 23:58:00,0.00260952
9/8/2013 23:58:00,0.00260952
9/9/2013 23:58:00,0.0025624
9/10/2013 23:58:00,0.0025448
9/11/2013 23:58:00,0.0025264
9/12/2013 23:58:00,0.0025448
9/13/2013 23:58:00,0.00253492
9/14/2013 23:58:00,0.00253492
9/15/2013 23:58:00,0.0025316
9/16/2013 23:58:00,0.0025316
9/17/2013 23:58:00,0.0025272
9/18/2013 23:58:00,0.0025432
9/19/2013 23:58:00,0.0024876
9/20/2013 23:58:00,0.00248912
9/21/2013 23:58:00,0.00248912
9/22/2013 23:58:00,0.0025088
9/23/2013 23:58:00,0.0025072
9/24/2013 23:58:00,0.0025088
9/25/2013 23:58:00,0.0024972
9/26/2013 23:58:00,0.0024692
9/27/2013 23:58:00,0.00250032
9/29/2013 23:58:00,0.0025164
9/30/2013 23:58:00,0.0025032
10/1/2013 23:58:00,0.0025044
10/2/2013 23:58:00,0.0024828
10/3/2013 23:58:00,0.0024784
10/4/2013 23:58:00,0.00245712
10/5/2013 23:58:00,0.00245712
10/6/2013 23:58:00,0.0024552
10/7/2013 23:58:00,0.002464
10/8/2013 23:58:00,0.0024812
10/9/2013 23:58:00,0.0024724
10/10/2013 23:58:00,0.0024644
10/11/2013 23:58:00,0.0024384
10/12/2013 23:58:00,0.00244052
10/14/2013 23:58:00,0.0024552
10/15/2013 23:58:00,0.0024732
10/16/2013 23:58:00,0.002458
10/17/2013 23:58:00,0.002444
10/18/2013 23:58:00,0.00244932
10/19/2013 23:58:00,0.00244932
10/20/2013 23:58:00,0.0024496
10/21/2013 23:58:00,0.0024248
10/22/2013 23:58:00,0.0024476
10/23/2013 23:58:00,0.0024608
10/24/2013 23:58:00,0.002458
10/25/2013 23:58:00,0.00245832
10/26/2013 23:58:00,0.00245832
10/27/2013 23:58:00,0.0024576
10/28/2013 23:58:00,0.0024604
10/29/2013 23:58:00,0.002458
10/30/2013 23:58:00,0.0024528
10/31/2013 23:58:00,0.0024888
11/1/2013 23:58:00,0.00246972
11/2/2013 23:58:00,0.00246972
11/4/2013 23:58:00,0.0024792
11/5/2013 23:58:00,0.0024864
11/6/2013 23:58:00,0.0024988
11/7/2013 23:58:00,0.002514
11/8/2013 23:58:00,0.00249892
11/10/2013 23:58:00,0.0025336
11/11/2013 23:58:00,0.0025392
11/12/2013 23:58:00,0.0025584
11/13/2013 23:58:00,0.0025348
11/14/2013 23:58:00,0.0025216
11/15/2013 23:58:00,0.00251892
11/17/2013 23:58:00,0.0025084
11/18/2013 23:58:00,0.002488
11/21/2013 23:58:00,0.0025196
11/23/2013 23:58:00,0.00250904
11/25/2013 23:58:00,0.00250012
7/31/2014 23:58:00,1453.152
8/1/2014 23:58:00,1468.992
8/3/2014 23:58:00,122.416
8/4/2014 23:58:00,121.876
11/14/2016 23:58:00,0.002122694772
11/16/2016 23:58:00,0.002124370326
11/17/2016 23:58:00,0.002124364075
12/5/2016 23:58:00,0.002119691177
12/6/2016 23:58:00,0.002108470292
12/12/2016 23:58:00,0.002097050373
12/13/2016 23:58:00,0.002090928969
12/14/2016 23:58:00,0.002104379998
12/15/2016 23:58:00,0.002105352471
12/16/2016 23:58:00,0.002105197312
12/19/2016 23:58:00,0.002101099186
12/20/2016 23:58:00,0.002102919463
12/21/2016 23:58:00,0.002098561665
12/22/2016 23:58:00,0.00209901626
12/23/2016 23:58:00,0.002098798832
12/27/2016 23:58:00,0.002103228979
12/28/2016 23:58:00,0.002108543934
12/29/2016 23:58:00,0.002100135108
12/30/2016 23:58:00,0.002098746936
1/2/2017 23:58:00,0.002104588037
1/3/2017 23:58:00,0.002107222473
1/4/2017 23:58:00,0.002096976306
1/5/2017 23:58:00,0.002092265596
1/6/2017 23:58:00,0.002104046822
1/9/2017 23:58:00,0.002103775098
1/10/2017 23:58:00,0.002110602628
1/11/2017 23:58:00,0.002105164858
1/12/2017 23:58:00,0.002104840463
1/13/2017 23:58:00,0.002106184383
1/16/2017 23:58:00,0.002103891618
1/17/2017 23:58:00,0.002097673573
1/18/2017 23:58:00,0.00210695675
1/19/2017 23:58:00,0.002103888134
1/20/2017 23:58:00,0.002103137836
1/23/2017 23:58:00,0.002102883531
1/24/2017 23:58:00,0.002106507992
1/25/2017 23:58:00,0.002100460862
1/26/2017 23:58:00,0.002105899508
1/27/2017 23:58:00,0.00210442202
1/30/2017 23:58:00,0.002095634989
1/31/2017 23:58:00,0.002085765689
2/1/2017 23:58:00,0.002082356111
2/2/2017 23:58:00,0.002078345602
2/3/2017 23:58:00,0.00207579617
2/6/2017 23:58:00,0.002076106305
2/7/2017 23:58:00,0.002080336598
2/8/2017 23:58:00,0.002068460262
2/9/2017 23:58:00,0.002061441939
2/10/2017 23:58:00,0.002064739248
2/13/2017 23:58:00,0.002066628596
2/14/2017 23:58:00,0.002062066502
2/15/2017 23:58:00,0.002064325208
2/16/2017 23:58:00,0.00207369305
2/17/2017 23:58:00,0.002070858753
2/20/2017 23:58:00,0.002067269818
2/21/2017 23:58:00,0.002067078706
2/22/2017 23:58:00,0.002065189423
2/23/2017 23:58:00,0.002058111275
2/24/2017 23:58:00,0.002058950782
2/27/2017 23:58:00,0.002058178829
2/28/2017 23:58:00,0.002058606102
3/1/2017 23:58:00,0.002063391653
3/2/2017 23:58:00,0.002062739518
3/3/2017 23:58:00,0.00205702761
3/6/2017 23:58:00,0.002057045982
3/7/2017 23:58:00,0.002055356249
3/8/2017 23:58:00,0.00205994728
3/9/2017 23:58:00,0.002056833371
3/10/2017 23:58:00,0.002052746262
3/13/2017 23:58:00,0.002041215244
3/14/2017 23:58:00,0.002028905312
3/15/2017 23:58:00,0.002024136505
3/16/2017 23:58:00,0.00201722521
3/17/2017 23:58:00,0.002019308085
3/20/2017 23:58:00,0.002015339197
3/21/2017 23:58:00,0.002020265319
3/22/2017 23:58:00,0.002016255326
3/23/2017 23:58:00,0.002018704506
3/24/2017 23:58:00,0.002017890169
3/27/2017 23:58:00,0.002006631745
3/28/2017 23:58:00,0.002008636989
3/29/2017 23:58:00,0.001998456522
4/10/2017 23:58:00,0.001990963485
4/11/2017 23:58:00,0.00199241364
4/12/2017 23:58:00,0.001988406
4/13/2017 23:58:00,0.00198692905
4/18/2017 23:58:00,0.00199062853
4/19/2017 23:58:00,0.001992993114
4/20/2017 23:58:00,0.001993280286
4/21/2017 23:58:00,0.001992756225
4/25/2017 23:58:00,0.001983904065
5/2/2017 23:58:00,0.001975028227
5/3/2017 23:58:00,0.001979408091
5/4/2017 23:58:00,0.00197823276
5/5/2017 23:58:00,0.001982242653
5/8/2017 23:58:00,0.001985442205
5/9/2017 23:58:00,0.001992418112
5/10/2017 23:58:00,0.00198952137
5/11/2017 23:58:00,0.00198347866
5/12/2017 23:58:00,0.001979535117
5/15/2017 23:58:00,0.001973564348
5/16/2017 23:58:00,0.00196942356
5/29/2017 23:58:00,0.001988245364
5/30/2017 23:58:00,0.001991267392
5/31/2017 23:58:00,0.001987738281
6/1/2017 23:58:00,0.001983799792
6/2/2017 23:58:00,0.001985080323
7/3/2017 23:58:00,0.001994911602
7/4/2017 23:58:00,0.001991786166
7/5/2017 23:58:00,0.001991558053
7/6/2017 23:58:00,0.001988484397
7/7/2017 23:58:00,0.00197856367
7/11/2017 23:58:00,0.001981135949
7/12/2017 23:58:00,0.001974750382
7/13/2017 23:58:00,0.001976615756
7/14/2017 23:58:00,0.001975464796
7/17/2017 23:58:00,0.001972827409
7/18/2017 23:58:00,0.001970351462
7/19/2017 23:58:00,0.001967703688
7/20/2017 23:58:00,0.001969592905
7/21/2017 23:58:00,0.001971215733
7/24/2017 23:58:00,0.001969675044
7/25/2017 23:58:00,0.001971279057
7/26/2017 23:58:00,0.001967429285
7/27/2017 23:58:00,0.001961942895
7/28/2017 23:58:00,0.001959589236
7/31/2017 23:58:00,0.001960880102
8/1/2017 23:58:00,0.001956200076
8/2/2017 23:58:00,0.001942692955
8/3/2017 23:58:00,0.001943701215
8/4/2017 23:58:00,0.001942816286
8/7/2017 23:58:00,0.001946160599
8/8/2017 23:58:00,0.001941511505
8/9/2017 23:58:00,0.00194649211
8/10/2017 23:58:00,0.001953244855
8/11/2017 23:58:00,0.001953074315
8/14/2017 23:58:00,0.001953022889
8/15/2017 23:58:00,0.001954231403
8/16/2017 23:58:00,0.001949516792
8/17/2017 23:58:00,0.001949192231
8/18/2017 23:58:00,0.001946128252
8/21/2017 23:58:00,0.00194534522
8/22/2017 23:58:00,0.001940961467
8/23/2017 23:58:00,0.001937194531
8/24/2017 23:58:00,0.0019360534
8/25/2017 23:58:00,0.001934934731
8/28/2017 23:58:00,0.00192560122
8/29/2017 23:58:00,0.00192963713
8/30/2017 23:58:00,0.001928792863
8/31/2017 23:58:00,0.001924591827
9/1/2017 23:58:00,0.001927786837
9/4/2017 23:58:00,0.001925315659
9/5/2017 23:58:00,0.00192689087
9/6/2017 23:58:00,0.001922900986
9/7/2017 23:58:00,0.00191869485
9/8/2017 23:58:00,0.001913531334
9/11/2017 23:58:00,0.001918209972
9/12/2017 23:58:00,0.001916198264
9/13/2017 23:58:00,0.001918464845
9/14/2017 23:58:00,0.001917361992
9/15/2017 23:58:00,0.001915807899
9/18/2017 23:58:00,0.001917714222
9/19/2017 23:58:00,0.001918506031
9/20/2017 23:58:00,0.001917197068
9/21/2017 23:58:00,0.001930363313
9/22/2017 23:58:00,0.001929937338
9/25/2017 23:58:00,0.001939815828
9/26/2017 23:58:00,0.001939228575
9/27/2017 23:58:00,0.001941079837
9/28/2017 23:58:00,0.001933440304
9/29/2017 23:58:00,0.001931754164
10/2/2017 23:58:00,0.001938043722
10/3/2017 23:58:00,0.001931101539
10/4/2017 23:58:00,0.001915604509
10/5/2017 23:58:00,0.0019178261
10/6/2017 23:58:00,0.00192320813
10/9/2017 23:58:00,0.001919218573
10/10/2017 23:58:00,0.001912210874
10/11/2017 23:58:00,0.001911339808
10/12/2017 23:58:00,0.001904768036
10/13/2017 23:58:00,0.001894430996
10/16/2017 23:58:00,0.001891159016
10/17/2017 23:58:00,0.001896060883
10/18/2017 23:58:00,0.001897707517
10/19/2017 23:58:00,0.001892319574
10/20/2017 23:58:00,0.001896063128
10/23/2017 23:58:00,0.001893796777
10/24/2017 23:58:00,0.001893885037
10/25/2017 23:58:00,0.001883679808
10/26/2017 23:58:00,0.00187306408
10/27/2017 23:58:00,0.001885618828
10/30/2017 23:58:00,0.001859064029
10/31/2017 23:58:00,0.00185014689
11/1/2017 23:58:00,0.00184627586
11/2/2017 23:58:00,0.001845507656
11/3/2017 23:58:00,0.001847009801
11/6/2017 23:58:00,0.001842455422
11/7/2017 23:58:00,0.001856588736
11/8/2017 23:58:00,0.001846723198
11/9/2017 23:58:00,0.00184835909
11/10/2017 23:58:00,0.001854475904
11/13/2017 23:58:00,0.001856461232
11/14/2017 23:58:00,0.001855961315
11/15/2017 23:58:00,0.001852795051
11/16/2017 23:58:00,0.001850614153
11/17/2017 23:58:00,0.001844881534
11/20/2017 23:58:00,0.001845624082
11/21/2017 23:58:00,0.001837718457
11/22/2017 23:58:00,0.001838075445
11/23/2017 23:58:00,0.001832821493
11/24/2017 23:58:00,0.001835477945
11/27/2017 23:58:00,0.001828949808
11/28/2017 23:58:00,0.001829452296
11/29/2017 23:58:00,0.001827319046
11/30/2017 23:58:00,0.001828990135
12/1/2017 23:58:00,0.001829375787
12/4/2017 23:58:00,0.0018234484
12/5/2017 23:58:00,0.001822934935
12/6/2017 23:58:00,0.001827418846
12/7/2017 23:58:00,0.001824574922
12/8/2017 23:58:00,0.001822613026
12/11/2017 23:58:00,0.00181272663
12/12/2017 23:58:00,0.001816314355
12/13/2017 23:58:00,0.001807301952
12/14/2017 23:58:00,0.001805529742
12/15/2017 23:58:00,0.001799855421
12/18/2017 23:58:00,0.001798373201
12/19/2017 23:58:00,0.001791539467
12/20/2017 23:58:00,0.001788730053
12/21/2017 23:58:00,0.001785038503
12/22/2017 23:58:00,0.001785130531
12/25/2017 23:58:00,0.001778166882
12/26/2017 23:58:00,0.001778658576
12/27/2017 23:58:00,0.001779043785
12/28/2017 23:58:00,0.001775849889
12/29/2017 23:58:00,0.00191499
1/1/2018 23:58:00,0.001771197167
1/2/2018 23:58:00,0.0019038
1/3/2018 23:58:00,0.001902573
1/4/2018 23:58:00,0.001901088
1/5/2018 23:58:00,0.00189999
1/8/2018 23:58:00,0.00176407461
1/9/2018 23:58:00,0.001909083
1/10/2018 23:58:00,0.0019128
1/11/2018 23:58:00,0.001910163
1/12/2018 23:58:00,0.00190809
1/15/2018 23:58:00,0.001747440199
1/16/2018 23:58:00,0.001919829
1/17/2018 23:58:00,0.00191475
1/18/2018 23:58:00,0.001916028
1/19/2018 23:58:00,0.00191469
1/22/2018 23:58:00,0.001752348107
1/23/2018 23:58:00,0.001912515
1/24/2018 23:58:00,0.001907337
1/25/2018 23:58:00,0.001907193
1/26/2018 23:58:00,0.0019071
1/29/2018 23:58:00,0.001733774427
1/30/2018 23:58:00,0.001913097
1/31/2018 23:58:00,0.00190995
2/1/2018 23:58:00,0.00191925
2/2/2018 23:58:00,0.001923975
2/5/2018 23:58:00,0.001749393412
2/6/2018 23:58:00,0.0019194
2/7/2018 23:58:00,0.001926
2/8/2018 23:58:00,0.001933215
2/9/2018 23:58:00,0.001926339
2/12/2018 23:58:00,0.001747071571
2/13/2018 23:58:00,0.001927503
2/14/2018 23:58:00,0.001920756
2/15/2018 23:58:00,0.001916727
2/16/2018 23:58:00,0.0019314
2/19/2018 23:58:00,0.001744981841
2/20/2018 23:58:00,0.00194595
2/21/2018 23:58:00,0.00194685
2/22/2018 23:58:00,0.001948542
2/23/2018 23:58:00,0.0019467
2/26/2018 23:58:00,0.001748411594
2/27/2018 23:58:00,0.0019473
2/28/2018 23:58:00,0.0019572
3/1/2018 23:58:00,0.0019545
3/2/2018 23:58:00,0.001955601
3/5/2018 23:58:00,0.001749009833
3/6/2018 23:58:00,0.0019467
3/7/2018 23:58:00,0.001946736
3/8/2018 23:58:00,0.001952712
3/9/2018 23:58:00,0.0019494
3/12/2018 23:58:00,0.001738835295
3/13/2018 23:58:00,0.001944843
3/14/2018 23:58:00,0.001945104
3/15/2018 23:58:00,0.001950432
3/16/2018 23:58:00,0.00195195
3/19/2018 23:58:00,0.00173865777
3/20/2018 23:58:00,0.001956972
3/21/2018 23:58:00,0.001951968
3/22/2018 23:58:00,0.0019548
3/23/2018 23:58:00,0.001950099
3/26/2018 23:58:00,0.00172510796
3/27/2018 23:58:00,0.001730500482
3/28/2018 23:58:00,0.00173684881
3/29/2018 23:58:00,0.001731409248
4/2/2018 23:58:00,0.001734337973
4/3/2018 23:58:00,0.001726564126
4/4/2018 23:58:00,0.001726936973
4/5/2018 23:58:00,0.001723435629
4/9/2018 23:58:00,0.001723157832
4/10/2018 23:58:00,0.001552642517
4/11/2018 23:58:00,0.00155897263
4/12/2018 23:58:00,0.001561022085
4/16/2018 23:58:00,0.00156469532
4/17/2018 23:58:00,0.001570571061
4/18/2018 23:58:00,0.001578582348
4/19/2018 23:58:00,0.001581693715
4/23/2018 23:58:00,0.00159198558
4/24/2018 23:58:00,0.001588854002
4/25/2018 23:58:00,0.001600662614
4/26/2018 23:58:00,0.001600478403
4/30/2018 23:58:00,0.001589712853
5/1/2018 23:58:00,0.001597815724
5/2/2018 23:58:00,0.001604784623
5/3/2018 23:58:00,0.001587142803
5/4/2018 23:58:00,0.0013362
5/7/2018 23:58:00,0.001598066612
5/8/2018 23:58:00,0.001599107088
5/9/2018 23:58:00,0.001609999945
5/10/2018 23:58:00,0.001604523754
5/14/2018 23:58:00,0.001611380897
5/15/2018 23:58:00,0.0013692
5/16/2018 23:58:00,0.0013612
5/17/2018 23:58:00,0.0013628
5/18/2018 23:58:00,0.0013596
5/21/2018 23:58:00,0.0016266349
5/22/2018 23:58:00,0.0020529
5/23/2018 23:58:00,0.001631416311
5/24/2018 23:58:00,0.00162176523
5/28/2018 23:58:00,0.001600066441
5/29/2018 23:58:00,0.001616945504
5/30/2018 23:58:00,0.001600028466
5/31/2018 23:58:00,0.001599691586
6/4/2018 23:58:00,0.001590418565
6/6/2018 23:58:00,0.001336602
6/8/2018 23:58:00,0.0013502
6/11/2018 23:58:00,0.001598152941
6/12/2018 23:58:00,0.00160752749
6/13/2018 23:58:00,0.0013556
6/14/2018 23:58:00,0.0013626
6/18/2018 23:58:00,0.001603253117
6/19/2018 23:58:00,0.001603440101
6/20/2018 23:58:00,0.001609750287
6/21/2018 23:58:00,0.00159637559
6/25/2018 23:58:00,0.0013668
6/26/2018 23:58:00,0.0013673
6/27/2018 23:58:00,0.001626879657
6/28/2018 23:58:00,0.001615325189
6/29/2018 23:58:00,0.0013687
7/2/2018 23:58:00,0.001612175523
7/3/2018 23:58:00,0.0013766
7/4/2018 23:58:00,0.0020694
7/5/2018 23:58:00,0.001611901923
7/9/2018 23:58:00,0.001599343049
7/10/2018 23:58:00,0.001601952973
7/11/2018 23:58:00,0.001594431544
7/12/2018 23:58:00,0.001586941369
7/16/2018 23:58:00,0.001585236396
7/17/2018 23:58:00,0.001574297534
7/18/2018 23:58:00,0.001577367764
7/19/2018 23:58:00,0.001581805829
7/23/2018 23:58:00,0.001582437643
7/24/2018 23:58:00,0.00157100455
7/25/2018 23:58:00,0.001568824017
7/30/2018 23:58:00,0.00155925081
7/31/2018 23:58:00,0.001554272738
8/1/2018 23:58:00,0.001549265138
8/2/2018 23:58:00,0.001555554279
8/6/2018 23:58:00,0.001559610096
8/7/2018 23:58:00,0.001633238039
8/8/2018 23:58:00,0.001629880896
8/9/2018 23:58:00,0.001645238039
8/13/2018 23:58:00,0.001665454705
8/14/2018 23:58:00,0.001665476133
8/15/2018 23:58:00,0.001682380895
8/16/2018 23:58:00,0.001666785657
8/20/2018 23:58:00,0.001660476134
8/21/2018 23:58:00,0.0016621428
8/23/2018 23:58:00,0.001673214228
8/27/2018 23:58:00,0.001665357086
8/28/2018 23:58:00,0.001679523752
8/29/2018 23:58:00,0.001688333275
9/2/2018 23:58:00,0.001690357085
9/3/2018 23:58:00,0.001692142799
9/4/2018 23:58:00,0.001708333275
9/5/2018 23:58:00,0.001711666608
9/6/2018 23:58:00,0.001712830894
9/9/2018 23:58:00,0.00171654756
9/10/2018 23:58:00,0.001724880893
9/11/2018 23:58:00,0.001737857083
9/12/2018 23:58:00,0.001712504703
9/13/2018 23:58:00,0.001714940417
9/16/2018 23:58:00,0.00171654756
9/17/2018 23:58:00,0.001727018988
9/18/2018 23:58:00,0.001740952321
9/23/2018 23:58:00,0.001719761846
9/24/2018 23:58:00,0.001745238035
9/25/2018 23:58:00,0.001740238036
9/26/2018 23:58:00,0.001732618988
9/27/2018 23:58:00,0.001736904702
10/1/2018 23:58:00,0.001756071368
10/2/2018 23:58:00,0.001744761845
10/3/2018 23:58:00,0.001758333273
10/4/2018 23:58:00,0.001767142797
10/7/2018 23:58:00,0.001756261845
10/8/2018 23:58:00,0.001759285654
10/9/2018 23:58:00,0.001774999939
10/10/2018 23:58:00,0.001776190415
10/11/2018 23:58:00,0.001765714225
10/14/2018 23:58:00,0.001754190416
10/15/2018 23:58:00,0.001763809463
10/16/2018 23:58:00,0.001748940416
10/17/2018 23:58:00,0.00175999994
10/18/2018 23:58:00,0.001765714225
10/21/2018 23:58:00,0.001749166607
10/22/2018 23:58:00,0.001758559464
10/23/2018 23:58:00,0.001743364226
10/24/2018 23:58:00,0.001743345178
10/25/2018 23:58:00,0.001743338035
10/28/2018 23:58:00,0.001741071369
10/29/2018 23:58:00,0.001752157083
10/31/2018 23:58:00,0.001763571368
11/1/2018 23:58:00,0.001745476131
11/4/2018 23:58:00,0.001735833274
11/5/2018 23:58:00,0.001734761845
11/6/2018 23:58:00,0.001743571369
11/11/2018 23:58:00,0.001725476131
11/12/2018 23:58:00,0.001742380893
11/13/2018 23:58:00,0.001727380893
11/14/2018 23:58:00,0.001723809465
11/15/2018 23:58:00,0.001711707084
11/19/2018 23:58:00,0.001706904703
11/20/2018 23:58:00,0.001700357085
11/21/2018 23:58:00,0.001697499942
11/22/2018 23:58:00,0.001686547561
11/25/2018 23:58:00,0.00168261899
11/26/2018 23:58:00,0.001685952323
11/27/2018 23:58:00,0.00168761899
11/28/2018 23:58:00,0.0016809523
11/29/2018 23:58:00,0.001664761848
12/2/2018 23:58:00,0.001660952324
12/3/2018 23:58:00,0.001678214228
12/4/2018 23:58:00,0.001681666609
12/5/2018 23:58:00,0.001687380895
12/6/2018 23:58:00,0.001684523752
12/7/2018 23:58:00,0.001695166956
12/9/2018 23:58:00,0.001699166608
12/10/2018 23:58:00,0.001731666607
12/11/2018 23:58:00,0.00172904756
12/12/2018 23:58:00,0.001717857084
12/13/2018 23:58:00,0.001703499942
12/14/2018 23:58:00,0.001708110788
12/16/2018 23:58:00,0.001712142798
12/17/2018 23:58:00,0.001704523751
12/18/2018 23:58:00,0.001680238038
12/19/2018 23:58:00,0.001682988038
12/20/2018 23:58:00,0.001673809466
12/21/2018 23:58:00,0.001665835521
12/22/2018 23:58:00,0.001665835521
12/23/2018 23:58:00,0.001669999943
12/24/2018 23:58:00,0.001672380895
12/25/2018 23:58:00,0.001672380895
12/26/2018 23:58:00,0.001670238038
12/27/2018 23:58:00,0.001666428514
12/28/2018 23:58:00,0.001660729239
12/30/2018 23:58:00,0.001664821371
12/31/2018 23:58:00,0.001659761848
1/1/2019 23:58:00,0.001659761848
1/2/2019 23:58:00,0.001665714229
1/3/2019 23:58:00,0.001673809466
1/4/2019 23:58:00,0.001651229179
1/5/2019 23:58:00,0.00165146668
1/6/2019 23:58:00,0.00165146668
1/7/2019 23:58:00,0.0016621428
1/8/2019 23:58:00,0.001674523752
1/9/2019 23:58:00,0.001679773752
1/10/2019 23:58:00,0.001683809466
1/11/2019 23:58:00,0.001671654308
1/12/2019 23:58:00,0.001671535557
1/13/2019 23:58:00,0.001675476133
1/14/2019 23:58:00,0.001692499942
1/15/2019 23:58:00,0.00168869504
1/16/2019 23:58:00,0.001699166608
1/17/2019 23:58:00,0.00169119518
1/18/2019 23:58:00,0.001692316938
1/20/2019 23:58:00,0.001695952323
1/21/2019 23:58:00,0.001702380894
1/22/2019 23:58:00,0.001695957085
1/23/2019 23:58:00,0.00169422137
1/24/2019 23:58:00,0.00168626065
1/25/2019 23:58:00,0.001685904398
1/26/2019 23:58:00,0.00168389751
1/27/2019 23:58:00,0.001689880894
1/28/2019 23:58:00,0.001692621371
1/29/2019 23:58:00,0.001705238037
1/30/2019 23:58:00,0.001693333275
1/31/2019 23:58:00,0.001695238037
2/1/2019 23:58:00,0.0021438
2/3/2019 23:58:00,0.001701230894
2/4/2019 23:58:00,0.001706785656
2/5/2019 23:58:00,0.001708809465
2/6/2019 23:58:00,0.00170334518
2/7/2019 23:58:00,0.0021477
2/8/2019 23:58:00,0.0021348
2/9/2019 23:58:00,0.002135265
2/10/2019 23:58:00,0.001694047561
2/11/2019 23:58:00,0.0016918417
2/12/2019 23:58:00,0.001685952323
2/13/2019 23:58:00,0.001687264228
2/14/2019 23:58:00,0.001690714228
2/15/2019 23:58:00,0.0016942168
2/16/2019 23:58:00,0.0021399
2/17/2019 23:58:00,0.00169809518
2/18/2019 23:58:00,0.001707142799
2/19/2019 23:58:00,0.001704761846
2/20/2019 23:58:00,0.001697618989
2/21/2019 23:58:00,0.001694880894
2/22/2019 23:58:00,0.00213105
2/23/2019 23:58:00,0.0016871036
2/24/2019 23:58:00,0.001691214228
2/25/2019 23:58:00,0.00169261899
2/26/2019 23:58:00,0.001689047561
2/27/2019 23:58:00,0.001694999942
2/28/2019 23:58:00,0.0016821279
3/1/2019 23:58:00,0.002129925
3/2/2019 23:58:00,0.00213
3/3/2019 23:58:00,0.001690238037
3/4/2019 23:58:00,0.00168809518
3/5/2019 23:58:00,0.00168434518
3/6/2019 23:58:00,0.001675357085
3/7/2019 23:58:00,0.001678273752
3/8/2019 23:58:00,0.002099907
3/9/2019 23:58:00,0.002099907
3/10/2019 23:58:00,0.001666354705
3/11/2019 23:58:00,0.001661668991
3/12/2019 23:58:00,0.001662976133
3/13/2019 23:58:00,0.001660149943
3/14/2019 23:58:00,0.001650888039
3/15/2019 23:58:00,0.00206889
3/16/2019 23:58:00,0.00206889
3/17/2019 23:58:00,0.001641738039
3/18/2019 23:58:00,0.001633761849
3/19/2019 23:58:00,0.00165041661
3/20/2019 23:58:00,0.0016348414
3/21/2019 23:58:00,0.002068575
3/22/2019 23:58:00,0.0016427977
3/23/2019 23:58:00,0.002075115
3/24/2019 23:58:00,0.002075115
3/25/2019 23:58:00,0.001641033277
3/26/2019 23:58:00,0.001653035658
3/27/2019 23:58:00,0.00165166661
3/28/2019 23:58:00,0.00208545
3/29/2019 23:58:00,0.0020832
3/30/2019 23:58:00,0.0020832
3/31/2019 23:58:00,0.001653095181
4/1/2019 23:58:00,0.002076159
4/2/2019 23:58:00,0.002067606
4/3/2019 23:58:00,0.00206595
4/4/2019 23:58:00,0.002069412
4/5/2019 23:58:00,0.00207693
4/6/2019 23:58:00,0.00207693
4/7/2019 23:58:00,0.00164666661
4/8/2019 23:58:00,0.001656011848
4/9/2019 23:58:00,0.00164909042
4/10/2019 23:58:00,0.001646195182
4/11/2019 23:58:00,0.001653095181
4/12/2019 23:58:00,0.002074845
4/13/2019 23:58:00,0.002075715
4/14/2019 23:58:00,0.00164669042
4/15/2019 23:58:00,0.0016621428
4/16/2019 23:58:00,0.001663928514
4/17/2019 23:58:00,0.001652404705
4/18/2019 23:58:00,0.001651928515
4/19/2019 23:58:00,0.0020817
4/20/2019 23:58:00,0.0020817
4/21/2019 23:58:00,0.0020811
4/22/2019 23:58:00,0.001668154705
4/23/2019 23:58:00,0.001660904705
4/24/2019 23:58:00,0.001668947562
4/25/2019 23:58:00,0.001670476133
4/26/2019 23:58:00,0.00209556
4/27/2019 23:58:00,0.0016589597
4/28/2019 23:58:00,0.00209556
4/29/2019 23:58:00,0.001662185657
4/30/2019 23:58:00,0.001656095181
5/1/2019 23:58:00,0.0020997
5/2/2019 23:58:00,0.001652961848
5/3/2019 23:58:00,0.002075343
5/4/2019 23:58:00,0.00207534
5/5/2019 23:58:00,0.001646857086
5/6/2019 23:58:00,0.001652388039
5/7/2019 23:58:00,0.001664523752
5/8/2019 23:58:00,0.001666904705
5/9/2019 23:58:00,0.001676428514
5/10/2019 23:58:00,0.002097975
5/11/2019 23:58:00,0.002097975
5/12/2019 23:58:00,0.001664821371
5/13/2019 23:58:00,0.001681357085
5/14/2019 23:58:00,0.001673976133
5/15/2019 23:58:00,0.001671647562
5/16/2019 23:58:00,0.001672261847
5/17/2019 23:58:00,0.00211044
5/18/2019 23:58:00,0.00211044
5/19/2019 23:58:00,0.002108745
5/20/2019 23:58:00,0.001669702324
5/21/2019 23:58:00,0.001665952324
5/22/2019 23:58:00,0.001666011848
5/23/2019 23:58:00,0.001665357086
5/24/2019 23:58:00,0.00208125
5/25/2019 23:58:00,0.002081415
5/26/2019 23:58:00,0.0020811
5/27/2019 23:58:00,0.001659999943
5/28/2019 23:58:00,0.001663690419
5/29/2019 23:58:00,0.001662261848
5/30/2019 23:58:00,0.001666190419
5/31/2019 23:58:00,0.002087388
6/1/2019 23:58:00,0.002087388
6/2/2019 23:58:00,0.001656418991
6/3/2019 23:58:00,0.001646711848
6/4/2019 23:58:00,0.002079477
6/5/2019 23:58:00,0.002089125
6/6/2019 23:58:00,0.0016475477
6/7/2019 23:58:00,0.0020817
6/8/2019 23:58:00,0.0020817
6/9/2019 23:58:00,0.00208065
6/10/2019 23:58:00,0.001655321372
6/11/2019 23:58:00,0.001652059467
6/12/2019 23:58:00,0.001659523753
6/13/2019 23:58:00,0.00209475
6/14/2019 23:58:00,0.0020964
6/15/2019 23:58:00,0.002095005
6/16/2019 23:58:00,0.002093415
6/17/2019 23:58:00,0.001669345181
6/18/2019 23:58:00,0.001661071372
6/19/2019 23:58:00,0.001663571372
6/20/2019 23:58:00,0.001661428514
6/21/2019 23:58:00,0.0020874
6/22/2019 23:58:00,0.0020874
6/23/2019 23:58:00,0.002087397
6/24/2019 23:58:00,0.001657202324
6/25/2019 23:58:00,0.001658035657
6/26/2019 23:58:00,0.001657202324
6/27/2019 23:58:00,0.001650595181
6/28/2019 23:58:00,0.002068509
6/29/2019 23:58:00,0.002068509
6/30/2019 23:58:00,0.00164144042
7/1/2019 23:58:00,0.001646845182
7/2/2019 23:58:00,0.001644821372
7/3/2019 23:58:00,0.001643035658
7/4/2019 23:58:00,0.001636666611
7/5/2019 23:58:00,0.0020535
7/6/2019 23:58:00,0.0020535
7/7/2019 23:58:00,0.001629523754
7/8/2019 23:58:00,0.001639285658
7/9/2019 23:58:00,0.001637261849
7/10/2019 23:58:00,0.001627799944
7/11/2019 23:58:00,0.001634999944
7/12/2019 23:58:00,0.002056809
7/13/2019 23:58:00,0.002056809
7/14/2019 23:58:00,0.001632149944
7/15/2019 23:58:00,0.001636845182
7/16/2019 23:58:00,0.001640357087
7/17/2019 23:58:00,0.001637761849
7/18/2019 23:58:00,0.001639285658
7/19/2019 23:58:00,0.002067483
7/20/2019 23:58:00,0.002065815
7/21/2019 23:58:00,0.001638809468
7/22/2019 23:58:00,0.00164666661
7/23/2019 23:58:00,0.001643333277
7/24/2019 23:58:00,0.001647261848
7/25/2019 23:58:00,0.00164644042
7/26/2019 23:58:00,0.0020658
7/27/2019 23:58:00,0.0020658
7/28/2019 23:58:00,0.001639761849
7/29/2019 23:58:00,0.00164166661
7/30/2019 23:58:00,0.001644702325
7/31/2019 23:58:00,0.001652499943
8/1/2019 23:58:00,0.001649933277
8/2/2019 23:58:00,0.002090007
8/3/2019 23:58:00,0.002090007
8/4/2019 23:58:00,0.001658497562
8/5/2019 23:58:00,0.001702857084
8/6/2019 23:58:00,0.001695952323
8/7/2019 23:58:00,0.001694407085
8/8/2019 23:58:00,0.001677878514
8/9/2019 23:58:00,0.002131263
8/10/2019 23:58:00,0.002131263
8/11/2019 23:58:00,0.001691309466
8/12/2019 23:58:00,0.0021477
8/13/2019 23:58:00,0.001692380894
8/14/2019 23:58:00,0.001705599942
8/15/2019 23:58:00,0.001707618989
8/16/2019 23:58:00,0.00213426
8/17/2019 23:58:00,0.00213426
8/18/2019 23:58:00,0.00213426
8/19/2019 23:58:00,0.001714166608
8/20/2019 23:58:00,0.001709761846
8/21/2019 23:58:00,0.001700899942
8/22/2019 23:58:00,0.001712390417
8/23/2019 23:58:00,0.002153913
8/24/2019 23:58:00,0.002145375
8/25/2019 23:58:00,0.001702440418
8/26/2019 23:58:00,0.001718095179
8/27/2019 23:58:00,0.002146365
8/28/2019 23:58:00,0.002164125
8/29/2019 23:58:00,0.002150706
8/30/2019 23:58:00,0.002152197
8/31/2019 23:58:00,0.002152197
9/1/2019 23:58:00,0.001707854703
9/2/2019 23:58:00,0.001713383275
9/3/2019 23:58:00,0.001725238036
9/4/2019 23:58:00,0.001713230894
9/5/2019 23:58:00,0.0021675
9/6/2019 23:58:00,0.0017024129
9/7/2019 23:58:00,0.002149365
9/8/2019 23:58:00,0.001706428513
9/9/2019 23:58:00,0.002153304
9/10/2019 23:58:00,0.002156265
9/11/2019 23:58:00,0.001703811846
9/12/2019 23:58:00,0.002129697
9/13/2019 23:58:00,0.002130921
9/14/2019 23:58:00,0.0016869896
9/15/2019 23:58:00,0.00169096899
9/16/2019 23:58:00,0.001708311846
9/17/2019 23:58:00,0.001707380894
9/18/2019 23:58:00,0.001703392799
9/19/2019 23:58:00,0.001707559465
9/20/2019 23:58:00,0.002135916
9/21/2019 23:58:00,0.002135916
9/22/2019 23:58:00,0.001695038037
9/23/2019 23:58:00,0.001685466609
9/24/2019 23:58:00,0.001697261847
9/25/2019 23:58:00,0.001697857085
9/26/2019 23:58:00,0.00169559518
9/27/2019 23:58:00,0.00212025
9/28/2019 23:58:00,0.002115255
9/29/2019 23:58:00,0.001678540419
9/30/2019 23:58:00,0.002127975
10/1/2019 23:58:00,0.001692857085
10/2/2019 23:58:00,0.001693847561
10/3/2019 23:58:00,0.00213825
10/4/2019 23:58:00,0.00212475
10/5/2019 23:58:00,0.002124765
10/6/2019 23:58:00,0.001686071371
10/7/2019 23:58:00,0.001699047561
10/8/2019 23:58:00,0.001695476132
10/9/2019 23:58:00,0.001700238037
10/10/2019 23:58:00,0.001689999942
10/11/2019 23:58:00,0.0021315
10/12/2019 23:58:00,0.0021315
10/13/2019 23:58:00,0.00212772
10/14/2019 23:58:00,0.001701249942
10/15/2019 23:58:00,0.00170857137
10/16/2019 23:58:00,0.001705238037
10/17/2019 23:58:00,0.001700535656
10/18/2019 23:58:00,0.002132715
10/19/2019 23:58:00,0.002132715
10/20/2019 23:58:00,0.001691190418
10/21/2019 23:58:00,0.001692976132
10/22/2019 23:58:00,0.001692261847
10/23/2019 23:58:00,0.001683690418
10/24/2019 23:58:00,0.001694999942
10/25/2019 23:58:00,0.0021252
10/26/2019 23:58:00,0.0021252
10/27/2019 23:58:00,0.0021252
10/28/2019 23:58:00,0.001684166609
10/29/2019 23:58:00,0.0016837572
10/30/2019 23:58:00,0.001690238037
10/31/2019 23:58:00,0.0021294
11/1/2019 23:58:00,0.00212115
11/2/2019 23:58:00,0.002115663
11/3/2019 23:58:00,0.002115663
11/4/2019 23:58:00,0.001690476133
11/5/2019 23:58:00,0.001687976133
11/6/2019 23:58:00,0.0021303
11/7/2019 23:58:00,0.001704047561
11/8/2019 23:58:00,0.0016952143
11/9/2019 23:58:00,0.00214131
11/10/2019 23:58:00,0.0016984265
11/11/2019 23:58:00,0.001704142799
11/12/2019 23:58:00,0.00170904756
11/13/2019 23:58:00,0.001717654703
11/14/2019 23:58:00,0.001713233275
11/15/2019 23:58:00,0.0017013418
11/16/2019 23:58:00,0.00215094
11/17/2019 23:58:00,0.001707280894
11/18/2019 23:58:00,0.001712740417
11/19/2019 23:58:00,0.001710738037
11/20/2019 23:58:00,0.001708766608
11/21/2019 23:58:00,0.002152515
11/22/2019 23:58:00,0.002153778
11/23/2019 23:58:00,0.002153778
11/24/2019 23:58:00,0.001709109465
11/25/2019 23:58:00,0.001706654703
11/26/2019 23:58:00,0.001700676132
11/27/2019 23:58:00,0.001695907085
11/28/2019 23:58:00,0.001703509465
11/29/2019 23:58:00,0.00215262
11/30/2019 23:58:00,0.00215262
12/1/2019 23:58:00,0.001707690418
12/2/2019 23:58:00,0.001705357084
12/3/2019 23:58:00,0.001713333275
12/4/2019 23:58:00,0.001701907084
12/5/2019 23:58:00,0.001699642799
12/6/2019 23:58:00,0.0016933143
12/7/2019 23:58:00,0.0016933143
12/8/2019 23:58:00,0.00213891
12/9/2019 23:58:00,0.001689528513
12/10/2019 23:58:00,0.002124969
12/11/2019 23:58:00,0.001684030895
12/12/2019 23:58:00,0.001679997561
12/13/2019 23:58:00,0.001678886
12/14/2019 23:58:00,0.002120685
12/15/2019 23:58:00,0.001683071371
12/16/2019 23:58:00,0.001688583275
12/17/2019 23:58:00,0.00169559518
12/18/2019 23:58:00,0.001690235656
12/19/2019 23:58:00,0.002136951
12/20/2019 23:58:00,0.00213384
12/21/2019 23:58:00,0.00213384
12/22/2019 23:58:00,0.00213384
12/23/2019 23:58:00,0.001695492799
12/24/2019 23:58:00,0.001701428513
12/25/2019 23:58:00,0.001703333275
12/26/2019 23:58:00,0.001697626132
12/27/2019 23:58:00,0.002142825
12/28/2019 23:58:00,0.002142825
12/29/2019 23:58:00,0.001697928513
12/30/2019 23:58:00,0.001697880894
12/31/2019 23:58:00,0.001697042799
1/1/2020 23:58:00,0.001691071371
1/2/2020 23:58:00,0.001700357085
1/3/2020 23:58:00,0.00215283
1/4/2020 23:58:00,0.00215283
1/5/2020 23:58:00,0.00215283
1/6/2020 23:58:00,0.001709214227
1/7/2020 23:58:00,0.001718095179
1/8/2020 23:58:00,0.001700283275
1/9/2020 23:58:00,0.001695102323
1/10/2020 23:58:00,0.00212973
1/11/2020 23:58:00,0.002128815
1/12/2020 23:58:00,0.002128815
1/13/2020 23:58:00,0.001683783276
1/14/2020 23:58:00,0.001686788037
1/15/2020 23:58:00,0.00212172
1/16/2020 23:58:00,0.002128668
1/17/2020 23:58:00,0.002131311
1/18/2020 23:58:00,0.002131311
1/19/2020 23:58:00,0.002131311
1/20/2020 23:58:00,0.001691214228
1/21/2020 23:58:00,0.001694523751
1/22/2020 23:58:00,0.001692335656
1/23/2020 23:58:00,0.001698118989
1/24/2020 23:58:00,0.001698214227
1/25/2020 23:58:00,0.002139765
1/26/2020 23:58:00,0.002139765
1/27/2020 23:58:00,0.001700952323
1/28/2020 23:58:00,0.001695961847
1/29/2020 23:58:00,0.0021456
1/30/2020 23:58:00,0.0017025293
1/31/2020 23:58:00,0.00214497
2/1/2020 23:58:00,0.00214497
2/2/2020 23:58:00,0.0016981118
2/3/2020 23:58:00,0.001697954704
2/4/2020 23:58:00,0.001692857085
2/5/2020 23:58:00,0.001694761847
2/6/2020 23:58:00,0.0016981355
2/7/2020 23:58:00,0.0016985155
2/8/2020 23:58:00,0.0016985155
2/9/2020 23:58:00,0.001702749942
2/10/2020 23:58:00,0.001697142799
2/11/2020 23:58:00,0.0016930364
2/12/2020 23:58:00,0.0016935328
2/13/2020 23:58:00,0.001698848
2/14/2020 23:58:00,0.0016987744
2/15/2020 23:58:00,0.0016987744
2/16/2020 23:58:00,0.001702733275
2/17/2020 23:58:00,0.0016947963
2/18/2020 23:58:00,0.001704166608
2/19/2020 23:58:00,0.001710178513
2/20/2020 23:58:00,0.001716904703
2/21/2020 23:58:00,0.0017073387
2/22/2020 23:58:00,0.0017073387
2/23/2020 23:58:00,0.001711590417
2/24/2020 23:58:00,0.00171539756
2/25/2020 23:58:00,0.001711190418
2/26/2020 23:58:00,0.00170627137
2/27/2020 23:58:00,0.0017097731
2/28/2020 23:58:00,0.0017141669
2/29/2020 23:58:00,0.0017141669
3/1/2020 23:58:00,0.001717857084
3/2/2020 23:58:00,0.001729842
3/3/2020 23:58:00,0.001746238035
3/4/2020 23:58:00,0.001762916606
3/5/2020 23:58:00,0.0017678422
3/6/2020 23:58:00,0.0017574397
3/7/2020 23:58:00,0.0017576368
3/8/2020 23:58:00,0.0017576368
3/9/2020 23:58:00,0.001771571368
3/10/2020 23:58:00,0.001766785654
3/11/2020 23:58:00,0.001779999939
3/12/2020 23:58:00,0.0017895736
3/13/2020 23:58:00,0.0017565371
3/14/2020 23:58:00,0.0017565371
3/15/2020 23:58:00,0.001759618987
3/16/2020 23:58:00,0.0017647784
3/17/2020 23:58:00,0.00176219994
3/18/2020 23:58:00,0.001785285653
3/19/2020 23:58:00,0.0017850658
3/20/2020 23:58:00,0.0017960479
3/21/2020 23:58:00,0.0017960479
3/22/2020 23:58:00,0.0017960479
3/23/2020 23:58:00,0.0018185725
3/24/2020 23:58:00,0.0018365989
3/25/2020 23:58:00,0.0018013537
3/26/2020 23:58:00,0.0017747559
3/27/2020 23:58:00,0.001778316
3/28/2020 23:58:00,0.001778316
3/29/2020 23:58:00,0.001796785653
3/30/2020 23:58:00,0.0017909986
3/31/2020 23:58:00,0.001793452319
4/1/2020 23:58:00,0.001846904699
4/2/2020 23:58:00,0.001836666604
4/3/2020 23:58:00,0.0018149625
4/4/2020 23:58:00,0.0018149625
4/5/2020 23:58:00,0.001814999938
4/6/2020 23:58:00,0.001808688033
4/7/2020 23:58:00,0.001825238033
4/8/2020 23:58:00,0.001808547557
4/9/2020 23:58:00,0.0018213988
4/10/2020 23:58:00,0.0018092031
4/11/2020 23:58:00,0.0018092031
4/12/2020 23:58:00,0.001813488033
4/13/2020 23:58:00,0.001831190413
4/14/2020 23:58:00,0.00180788089
4/15/2020 23:58:00,0.0018340458
4/16/2020 23:58:00,0.0018425364
4/17/2020 23:58:00,0.0018168863
4/18/2020 23:58:00,0.00181691
4/19/2020 23:58:00,0.00182285708
4/20/2020 23:58:00,0.00183833327
4/21/2020 23:58:00,0.001832604699
4/22/2020 23:58:00,0.001819047557
4/23/2020 23:58:00,0.0018048782
4/24/2020 23:58:00,0.0018125637
4/25/2020 23:58:00,0.0018121837
4/26/2020 23:58:00,0.001815988033
4/27/2020 23:58:00,0.001813959462
4/28/2020 23:58:00,0.001820595176
4/29/2020 23:58:00,0.001787638
4/30/2020 23:58:00,0.0017987174
5/1/2020 23:58:00,0.0018016624
5/2/2020 23:58:00,0.0018009974
5/3/2020 23:58:00,0.0017955349
5/4/2020 23:58:00,0.001805952319
5/5/2020 23:58:00,0.001813571366
5/6/2020 23:58:00,0.001813126128
5/7/2020 23:58:00,0.001811428509
5/8/2020 23:58:00,0.0017925661
5/9/2020 23:58:00,0.0017932311
5/10/2020 23:58:00,0.001798214224
5/11/2020 23:58:00,0.0018169047
5/12/2020 23:58:00,0.0018019047
5/13/2020 23:58:00,0.001795861843
5/14/2020 23:58:00,0.001797261843
5/15/2020 23:58:00,0.0018020899
5/16/2020 23:58:00,0.0018020899
5/17/2020 23:58:00,0.001805238033
5/18/2020 23:58:00,0.001800002319
5/19/2020 23:58:00,0.001809523748
5/20/2020 23:58:00,0.001804285652
5/21/2020 23:58:00,0.001800595176
5/22/2020 23:58:00,0.001804459
5/23/2020 23:58:00,0.001804459
5/24/2020 23:58:00,0.0018048924
5/25/2020 23:58:00,0.0018022467
5/26/2020 23:58:00,0.001805238033
5/27/2020 23:58:00,0.001812618985
5/28/2020 23:58:00,0.001808571367
5/29/2020 23:58:00,0.0017936871
5/30/2020 23:58:00,0.0017936871
5/31/2020 23:58:00,0.001797933272
6/1/2020 23:58:00,0.001803095176
6/2/2020 23:58:00,0.001787280891
6/3/2020 23:58:00,0.001798690415
6/4/2020 23:58:00,0.001797402319
6/5/2020 23:58:00,0.001794668
6/6/2020 23:58:00,0.001794668
6/7/2020 23:58:00,0.001798040415
6/8/2020 23:58:00,0.001800595176
6/9/2020 23:58:00,0.001797852319
6/10/2020 23:58:00,0.001806547557
6/11/2020 23:58:00,0.001818809461
6/12/2020 23:58:00,0.0018039899
6/13/2020 23:58:00,0.0018039899
6/14/2020 23:58:00,0.001808495176
6/15/2020 23:58:00,0.001808999938
6/16/2020 23:58:00,0.001825118985
6/17/2020 23:58:00,0.001822618985
6/18/2020 23:58:00,0.001819057081
6/19/2020 23:58:00,0.0018110022
6/20/2020 23:58:00,0.0018110022
6/21/2020 23:58:00,0.0018110045
6/22/2020 23:58:00,0.001804518986
6/23/2020 23:58:00,0.0017958092
6/24/2020 23:58:00,0.001808809462
6/25/2020 23:58:00,0.001798566605
6/26/2020 23:58:00,0.0017961761
6/27/2020 23:58:00,0.0017961761
6/28/2020 23:58:00,0.001800471367
6/29/2020 23:58:00,0.001792863
6/30/2020 23:58:00,0.001803571367
7/1/2020 23:58:00,0.001796545177
7/2/2020 23:58:00,0.001779071368
7/3/2020 23:58:00,0.0017736479
7/4/2020 23:58:00,0.0017736479
7/5/2020 23:58:00,0.0017736503
7/6/2020 23:58:00,0.001776371368
7/7/2020 23:58:00,0.001788690415
7/8/2020 23:58:00,0.001784283272
7/9/2020 23:58:00,0.001793809462
7/10/2020 23:58:00,0.0017850302
7/11/2020 23:58:00,0.0017859042
7/12/2020 23:58:00,0.001789488034
7/13/2020 23:58:00,0.00179642851
7/14/2020 23:58:00,0.0017952736
7/15/2020 23:58:00,0.0017840671
7/16/2020 23:58:00,0.001789868986
7/17/2020 23:58:00,0.0017795071
7/19/2020 23:58:00,0.001783268986
7/20/2020 23:58:00,0.001785476129
7/21/2020 23:58:00,0.0017761548
7/22/2020 23:58:00,0.00178142851
7/23/2020 23:58:00,0.0017777888
7/24/2020 23:58:00,0.0017747226
7/25/2020 23:58:00,0.0017747226
7/26/2020 23:58:00,0.001779995177
7/27/2020 23:58:00,0.0017820923
7/28/2020 23:58:00,0.0017841111
7/29/2020 23:58:00,0.001781695177
7/30/2020 23:58:00,0.001785476129
7/31/2020 23:58:00,0.0017795962
8/1/2020 23:58:00,0.0017795962
8/2/2020 23:58:00,0.001783757082
8/3/2020 23:58:00,0.001793571367
8/4/2020 23:58:00,0.001791666605
8/5/2020 23:58:00,0.001782909463
8/6/2020 23:58:00,0.00178332851
8/7/2020 23:58:00,0.0017822289
8/8/2020 23:58:00,0.0017818667
8/9/2020 23:58:00,0.001786304701
8/10/2020 23:58:00,0.001788095177
8/11/2020 23:58:00,0.001783333272
8/12/2020 23:58:00,0.001780288034
8/13/2020 23:58:00,0.00178642851
8/14/2020 23:58:00,0.0017778102
8/15/2020 23:58:00,0.0017778102
8/16/2020 23:58:00,0.0017789585
8/17/2020 23:58:00,0.001785714225
8/18/2020 23:58:00,0.001780833272
8/19/2020 23:58:00,0.001784923748
8/20/2020 23:58:00,0.001785711844
8/21/2020 23:58:00,0.0017795819
8/22/2020 23:58:00,0.0017795819
8/23/2020 23:58:00,0.0017794097
8/24/2020 23:58:00,0.001771428511
8/25/2020 23:58:00,0.001772678511
8/26/2020 23:58:00,0.001767621368
8/27/2020 23:58:00,0.001756535654
8/28/2020 23:58:00,0.0017368126
8/29/2020 23:58:00,0.0017368126
8/30/2020 23:58:00,0.0017368138
8/31/2020 23:58:00,0.001754047559
9/1/2020 23:58:00,0.00174452375
9/2/2020 23:58:00,0.001744011845
9/3/2020 23:58:00,0.0017444816
9/4/2020 23:58:00,0.001739608
9/5/2020 23:58:00,0.001739608
9/6/2020 23:58:00,0.0017406614
9/7/2020 23:58:00,0.001753571368
9/8/2020 23:58:00,0.001756828511
9/9/2020 23:58:00,0.001751190416
9/10/2020 23:58:00,0.00175064994
9/11/2020 23:58:00,0.0017450777
9/12/2020 23:58:00,0.0017450777
9/13/2020 23:58:00,0.0017451335
9/14/2020 23:58:00,0.001752738035
9/15/2020 23:58:00,0.001757142797
9/16/2020 23:58:00,0.001751207083
9/17/2020 23:58:00,0.001751990416
9/18/2020 23:58:00,0.0017482519
9/19/2020 23:58:00,0.0017482519
9/20/2020 23:58:00,0.0017464683
9/21/2020 23:58:00,0.00175189994
9/22/2020 23:58:00,0.001750071369
9/23/2020 23:58:00,0.001756628511
9/24/2020 23:58:00,0.001754342797
9/25/2020 23:58:00,0.001750374
9/26/2020 23:58:00,0.001750374
9/27/2020 23:58:00,0.001754745178
9/28/2020 23:58:00,0.001761309463
9/29/2020 23:58:00,0.0017510152
9/30/2020 23:58:00,0.001754880892
10/1/2020 23:58:00,0.001743261845
10/2/2020 23:58:00,0.0017414226
10/3/2020 23:58:00,0.0017414226
10/4/2020 23:58:00,0.001745771369
10/5/2020 23:58:00,0.00174067375
10/6/2020 23:58:00,0.00175749994
10/7/2020 23:58:00,0.001751011845
10/8/2020 23:58:00,0.00174477375
10/9/2020 23:58:00,0.0017328392
10/10/2020 23:58:00,0.0017328392
10/11/2020 23:58:00,0.001738447559
10/12/2020 23:58:00,0.001746447559
10/13/2020 23:58:00,0.001752857083
10/14/2020 23:58:00,0.001745147559
10/15/2020 23:58:00,0.001746928512
10/16/2020 23:58:00,0.0017442821
10/17/2020 23:58:00,0.0017442821
10/18/2020 23:58:00,0.001744307
10/19/2020 23:58:00,0.001751785654
10/20/2020 23:58:00,0.001753511845
10/21/2020 23:58:00,0.001754316607
10/22/2020 23:58:00,0.001755238035
10/23/2020 23:58:00,0.0017535719
10/24/2020 23:58:00,0.0017535719
10/25/2020 23:58:00,0.0017535719
10/26/2020 23:58:00,0.001760678511
10/27/2020 23:58:00,0.001757261845
10/28/2020 23:58:00,0.001772380892
10/29/2020 23:58:00,0.001768190416
10/30/2020 23:58:00,0.0017705212
10/31/2020 23:58:00,0.0017705212
11/1/2020 23:58:00,0.0017684953
11/2/2020 23:58:00,0.001772780892
11/3/2020 23:58:00,0.0017784704
11/4/2020 23:58:00,0.00177095232
11/5/2020 23:58:00,0.001764761844
11/6/2020 23:58:00,0.0017570632
11/7/2020 23:58:00,0.0017570632
11/8/2020 23:58:00,0.001761423749
11/9/2020 23:58:00,0.001760790416
11/10/2020 23:58:00,0.001768609463
11/11/2020 23:58:00,0.00177547613
11/12/2020 23:58:00,0.0017785892
11/13/2020 23:58:00,0.0017702861
11/14/2020 23:58:00,0.0017702861
11/15/2020 23:58:00,0.0017702861
11/16/2020 23:58:00,0.0017657011
11/17/2020 23:58:00,0.00177332613
11/18/2020 23:58:00,0.001771904701
11/19/2020 23:58:00,0.00176427613
11/20/2020 23:58:00,0.0017613739
11/21/2020 23:58:00,0.0017613739
11/22/2020 23:58:00,0.001765771368
11/23/2020 23:58:00,0.001767735654
11/24/2020 23:58:00,0.001760971368
11/25/2020 23:58:00,0.001756664225
11/26/2020 23:58:00,0.001763066606
11/27/2020 23:58:00,0.0017560016
11/28/2020 23:58:00,0.0017566191
11/29/2020 23:58:00,0.001760497559
11/30/2020 23:58:00,0.001762504701
12/1/2020 23:58:00,0.001753690416
12/2/2020 23:58:00,0.001753871368
12/3/2020 23:58:00,0.001758688035
12/4/2020 23:58:00,0.0017527264
12/5/2020 23:58:00,0.0017527264
12/6/2020 23:58:00,0.001756911845
12/7/2020 23:58:00,0.001762380892
12/8/2020 23:58:00,0.001755390416
12/9/2020 23:58:00,0.001760357083
12/10/2020 23:58:00,0.001755397559
12/11/2020 23:58:00,0.0017512955
12/12/2020 23:58:00,0.0017512955
12/13/2020 23:58:00,0.001755666606
12/14/2020 23:58:00,0.001758571368
12/15/2020 23:58:00,0.001756185654
12/16/2020 23:58:00,0.00175277613
12/17/2020 23:58:00,0.001750709464
12/18/2020 23:58:00,0.0017481795
12/19/2020 23:58:00,0.0017481795
12/20/2020 23:58:00,0.0017481795
12/21/2020 23:58:00,0.001760364225
12/22/2020 23:58:00,0.001768333273
12/23/2020 23:58:00,0.001758090416
12/24/2020 23:58:00,0.00175137613
12/25/2020 23:58:00,0.0017495285
12/26/2020 23:58:00,0.0017495285
12/27/2020 23:58:00,0.0017495285
12/28/2020 23:58:00,0.001751068988
12/29/2020 23:58:00,0.001748895178
12/30/2020 23:58:00,0.001741285655
12/31/2020 23:58:00,0.0017355385
1/1/2021 23:58:00,0.0017359517
1/2/2021 23:58:00,0.0017359517
1/3/2021 23:58:00,0.001740285655
1/4/2021 23:58:00,0.001745714226
1/5/2021 23:58:00,0.001747018988
1/6/2021 23:58:00,0.001746666607
1/7/2021 23:58:00,0.0017445314
1/8/2021 23:58:00,0.0017427716
1/9/2021 23:58:00,0.0017427478
1/10/2021 23:58:00,0.001746985654
1/11/2021 23:58:00,0.001750321369
1/12/2021 23:58:00,0.00174202375
1/13/2021 23:58:00,0.001742140416
1/14/2021 23:58:00,0.0017358472
1/15/2021 23:58:00,0.0017375964
1/16/2021 23:58:00,0.0017376202
1/17/2021 23:58:00,0.0017376202
1/18/2021 23:58:00,0.001742588035
1/19/2021 23:58:00,0.001742664226
1/20/2021 23:58:00,0.00173597375
1/21/2021 23:58:00,0.001737021369
1/22/2021 23:58:00,0.0017337465
1/23/2021 23:58:00,0.0017337465
1/24/2021 23:58:00,0.001731421414
1/25/2021 23:58:00,0.001737380893
1/26/2021 23:58:00,0.001736190417
1/27/2021 23:58:00,0.001738978512
1/28/2021 23:58:00,0.001732313232
1/29/2021 23:58:00,0.001731557977
1/30/2021 23:58:00,0.001731548477
1/31/2021 23:58:00,0.001735871369
2/1/2021 23:58:00,0.001740947559
2/2/2021 23:58:00,0.001736102321
2/3/2021 23:58:00,0.00173039422
2/4/2021 23:58:00,0.001732405858
2/5/2021 23:58:00,0.001728732897
2/6/2021 23:58:00,0.001728732897
2/7/2021 23:58:00,0.001732971369
2/8/2021 23:58:00,0.001736426131
2/9/2021 23:58:00,0.001734640417
2/10/2021 23:58:00,0.001733507083
2/11/2021 23:58:00,0.001731178512
2/12/2021 23:58:00,0.00172404818
2/13/2021 23:58:00,0.00172404818
2/14/2021 23:58:00,0.00172844756
2/15/2021 23:58:00,0.001729492798
2/16/2021 23:58:00,0.00173654756
2/17/2021 23:58:00,0.001733268988
2/18/2021 23:58:00,0.001728699941
2/19/2021 23:58:00,0.0017231053
2/20/2021 23:58:00,0.001723560115
2/21/2021 23:58:00,0.001727452322
2/22/2021 23:58:00,0.001724857084
2/23/2021 23:58:00,0.001723261846
2/24/2021 23:58:00,0.001723809465
2/25/2021 23:58:00,0.001741688036
2/26/2021 23:58:00,0.001747925392
2/27/2021 23:58:00,0.001747925392
2/28/2021 23:58:00,0.001752283273
3/1/2021 23:58:00,0.001745461845
3/2/2021 23:58:00,0.001744702321
3/3/2021 23:58:00,0.001735254702
3/4/2021 23:58:00,0.001741233274
3/5/2021 23:58:00,0.001738057205
3/6/2021 23:58:00,0.001738057205
3/7/2021 23:58:00,0.001738057205
3/8/2021 23:58:00,0.001745952321
3/9/2021 23:58:00,0.001732759464
3/10/2021 23:58:00,0.001731095179
3/11/2021 23:58:00,0.001729499941
3/12/2021 23:58:00,0.001730690417
3/13/2021 23:58:00,0.001726380445
3/14/2021 23:58:00,0.00173054756
3/15/2021 23:58:00,0.001726554703
3/16/2021 23:58:00,0.001726561846
3/17/2021 23:58:00,0.00172132375
3/18/2021 23:58:00,0.001730209464
3/19/2021 23:58:00,0.001720509408
3/20/2021 23:58:00,0.001720509408
3/21/2021 23:58:00,0.001723928512
3/22/2021 23:58:00,0.001718850461
3/23/2021 23:58:00,0.001724556434
3/24/2021 23:58:00,0.001725349689
3/25/2021 23:58:00,0.001728876131
3/26/2021 23:58:00,0.001720636472
3/27/2021 23:58:00,0.001720636472
3/28/2021 23:58:00,0.001724933274
3/29/2021 23:58:00,0.001727636828
3/30/2021 23:58:00,0.001748697559
3/31/2021 23:58:00,0.001742940416
4/1/2021 23:58:00,0.001744935654
4/2/2021 23:58:00,0.001742739547
4/3/2021 23:58:00,0.001742739547
4/4/2021 23:58:00,0.001747047559
4/5/2021 23:58:00,0.00174474994
4/6/2021 23:58:00,0.001749761845
4/7/2021 23:58:00,0.001771464225
4/8/2021 23:58:00,0.001774868987
4/9/2021 23:58:00,0.001774841434
4/10/2021 23:58:00,0.001774729809
4/11/2021 23:58:00,0.001779273749
4/12/2021 23:58:00,0.001785499939
4/13/2021 23:58:00,0.001790035653
4/14/2021 23:58:00,0.001786335653
4/15/2021 23:58:00,0.001779223749
4/16/2021 23:58:00,0.001770337219
4/17/2021 23:58:00,0.001770347906
4/18/2021 23:58:00,0.001775314225
4/19/2021 23:58:00,0.001782814225
4/20/2021 23:58:00,0.001796409462
4/21/2021 23:58:00,0.001795940415
4/22/2021 23:58:00,0.001787897558
4/23/2021 23:58:00,0.001786462382
4/24/2021 23:58:00,0.001779610464
4/25/2021 23:58:00,0.001782573748
4/26/2021 23:58:00,0.001781307082
4/27/2021 23:58:00,0.001775595177
4/28/2021 23:58:00,0.001769328511
4/29/2021 23:58:00,0.001764423749
4/30/2021 23:58:00,0.001759779091
5/1/2021 23:58:00,0.001759779091
5/2/2021 23:58:00,0.001764161844
5/3/2021 23:58:00,0.001758035654
5/4/2021 23:58:00,0.001752265731
5/5/2021 23:58:00,0.001757128511
5/6/2021 23:58:00,0.001752742797
5/7/2021 23:58:00,0.001739799279
5/8/2021 23:58:00,0.001739805216
5/9/2021 23:58:00,0.001745007083
5/10/2021 23:58:00,0.00174999994
5/11/2021 23:58:00,0.001747026131
5/12/2021 23:58:00,0.001754323749
5/13/2021 23:58:00,0.001748688035
5/14/2021 23:58:00,0.00174038947
5/15/2021 23:58:00,0.00174038947
5/16/2021 23:58:00,0.001744735654
5/17/2021 23:58:00,0.001744516607
5/18/2021 23:58:00,0.001741147559
5/19/2021 23:58:00,0.001743402321
5/20/2021 23:58:00,0.001738616607
5/21/2021 23:58:00,0.001731635165
5/22/2021 23:58:00,0.001731635165
5/23/2021 23:58:00,0.00173594756
5/24/2021 23:58:00,0.001734204702
5/25/2021 23:58:00,0.001733449941
5/26/2021 23:58:00,0.00173029756
5/27/2021 23:58:00,0.00173054756
5/28/2021 23:58:00,0.001719361089
5/29/2021 23:58:00,0.001719361089
5/30/2021 23:58:00,0.001719362276
5/31/2021 23:58:00,0.001725885655
6/1/2021 23:58:00,0.001734642798
6/2/2021 23:58:00,0.001737264226
6/3/2021 23:58:00,0.001739147559
6/4/2021 23:58:00,0.001737253263
6/5/2021 23:58:00,0.001737253263
6/6/2021 23:58:00,0.001735945179
6/7/2021 23:58:00,0.001733557083
6/8/2021 23:58:00,0.001737507083
6/9/2021 23:58:00,0.001737745179
6/10/2021 23:58:00,0.001738388036
6/11/2021 23:58:00,0.001739266088
6/12/2021 23:58:00,0.001739266088
6/13/2021 23:58:00,0.001743609464
6/14/2021 23:58:00,0.00174239994
6/15/2021 23:58:00,0.001746302321
6/16/2021 23:58:00,0.001757716606
6/17/2021 23:58:00,0.001767949939
6/18/2021 23:58:00,0.001760933348
6/19/2021 23:58:00,0.001760933348
6/20/2021 23:58:00,0.001760934535
6/21/2021 23:58:00,0.001765123749
6/22/2021 23:58:00,0.001769814225
6/23/2021 23:58:00,0.001767783273
6/24/2021 23:58:00,0.001766435654
6/25/2021 23:58:00,0.001762854735
6/26/2021 23:58:00,0.001762854735
6/27/2021 23:58:00,0.00176697613
6/28/2021 23:58:00,0.001764295181
6/29/2021 23:58:00,0.001764347432
6/30/2021 23:58:00,0.001766328194
7/1/2021 23:58:00,0.001774880892
7/2/2021 23:58:00,0.001775443501
7/3/2021 23:58:00,0.001769825403
7/4/2021 23:58:00,0.00177337613
7/5/2021 23:58:00,0.001765064686
7/6/2021 23:58:00,0.001780068987
7/7/2021 23:58:00,0.001777037136
7/8/2021 23:58:00,0.001774650246
7/9/2021 23:58:00,0.001769201962
7/10/2021 23:58:00,0.001769089149
7/11/2021 23:58:00,0.001769166337
7/12/2021 23:58:00,0.001770377594
7/13/2021 23:58:00,0.001773165862
7/14/2021 23:58:00,0.001768658083
7/15/2021 23:58:00,0.001770270719
7/16/2021 23:58:00,0.001779184149
7/17/2021 23:58:00,0.001772010417
7/18/2021 23:58:00,0.001772522233
7/19/2021 23:58:00,0.001781110286
7/20/2021 23:58:00,0.001770030842
7/21/2021 23:58:00,0.001767971704
7/22/2021 23:58:00,0.001768251956
7/23/2021 23:58:00,0.001767658202
7/24/2021 23:58:00,0.00176766414
7/25/2021 23:58:00,0.00176817833
7/26/2021 23:58:00,0.001764392557
7/27/2021 23:58:00,0.001769446588
7/28/2021 23:58:00,0.001766779447
7/29/2021 23:58:00,0.001763501926
7/30/2021 23:58:00,0.001766519383
7/31/2021 23:58:00,0.001766519383
8/1/2021 23:58:00,0.00176652057
8/2/2021 23:58:00,0.001765399563
8/3/2021 23:58:00,0.001762599421
8/4/2021 23:58:00,0.001761886916
8/5/2021 23:58:00,0.001759464401
8/6/2021 23:58:00,0.00176932665
8/7/2021 23:58:00,0.001762510358
8/8/2021 23:58:00,0.001769187712
8/9/2021 23:58:00,0.001768589208
8/10/2021 23:58:00,0.001767860078
8/11/2021 23:58:00,0.001759963154
8/12/2021 23:58:00,0.001763694303
8/13/2021 23:58:00,0.001762664734
8/14/2021 23:58:00,0.001762664734
8/15/2021 23:58:00,0.001762665921
8/16/2021 23:58:00,0.001760723159
8/17/2021 23:58:00,0.001766173818
8/18/2021 23:58:00,0.001763924679
8/19/2021 23:58:00,0.001767710453
8/20/2021 23:58:00,0.001767942823
8/21/2021 23:58:00,0.001762325186
8/22/2021 23:58:00,0.001761122294
8/23/2021 23:58:00,0.001756486125
8/24/2021 23:58:00,0.001757408144
8/25/2021 23:58:00,0.001756346281
8/26/2021 23:58:00,0.00175767361
8/27/2021 23:58:00,0.001742043129
8/28/2021 23:58:00,0.001742043129
8/29/2021 23:58:00,0.001742044314
8/30/2021 23:58:00,0.001740020137
8/31/2021 23:58:00,0.001730072283
9/1/2021 23:58:00,0.001729920588
9/2/2021 23:58:00,0.001731560787
9/3/2021 23:58:00,0.001730141019
9/4/2021 23:58:00,0.001730141019
9/5/2021 23:58:00,0.001730143389
9/6/2021 23:58:00,0.001732852562
9/7/2021 23:58:00,0.001739541351
9/8/2021 23:58:00,0.001749146708
9/9/2021 23:58:00,0.001743197431
9/10/2021 23:58:00,0.001742737606
9/11/2021 23:58:00,0.001742737606
9/12/2021 23:58:00,0.001742700867
9/13/2021 23:58:00,0.001743091955
9/14/2021 23:58:00,0.001831398434
9/15/2021 23:58:00,0.002047188679
9/16/2021 23:58:00,0.002050523752
9/17/2021 23:58:00,0.002054143136
9/18/2021 23:58:00,0.001746740924
9/19/2021 23:58:00,0.001746772922
9/20/2021 23:58:00,0.001745988376
9/21/2021 23:58:00,0.001749062564
9/22/2021 23:58:00,0.001751010893
9/23/2021 23:58:00,0.001750183683
9/24/2021 23:58:00,0.00174948328
9/25/2021 23:58:00,0.001755073468
9/26/2021 23:58:00,0.001749541351
9/27/2021 23:58:00,0.001749835259
9/28/2021 23:58:00,0.001758723622
9/29/2021 23:58:00,0.001761608191
9/30/2021 23:58:00,0.001760005916
10/1/2021 23:58:00,0.001757406959
10/2/2021 23:58:00,0.001757406959
10/3/2021 23:58:00,0.001757581171
10/4/2021 23:58:00,0.001767550358
10/5/2021 23:58:00,0.001767322816
10/6/2021 23:58:00,0.00177216164
10/7/2021 23:58:00,0.001773648959
10/8/2021 23:58:00,0.001792821367
10/9/2021 23:58:00,0.001780472748
10/10/2021 23:58:00,0.001784609249
10/11/2021 23:58:00,0.001786903223
10/12/2021 23:58:00,0.001797235653
10/13/2021 23:58:00,0.001782846274
10/14/2021 23:58:00,0.001777619633
10/15/2021 23:58:00,0.001785624372
10/16/2021 23:58:00,0.001778080533
10/17/2021 23:58:00,0.001777396884
10/18/2021 23:58:00,0.001779452571
10/19/2021 23:58:00,0.001771648265
10/20/2021 23:58:00,0.001772084019
10/21/2021 23:58:00,0.001772232051
10/22/2021 23:58:00,0.001777261122
10/23/2021 23:58:00,0.001774611019
10/24/2021 23:58:00,0.001774479697
10/25/2021 23:58:00,0.001774159759
10/26/2021 23:58:00,0.001775555025
10/27/2021 23:58:00,0.001771028493
10/28/2021 23:58:00,0.001775383427
10/29/2021 23:58:00,0.001772110055
10/30/2021 23:58:00,0.0017734568
10/31/2021 23:58:00,0.0017734568
11/1/2021 23:58:00,0.00176696529
11/2/2021 23:58:00,0.00176361976
11/3/2021 23:58:00,0.001761778694
11/4/2021 23:58:00,0.001756322611
11/5/2021 23:58:00,0.001751975143
11/6/2021 23:58:00,0.00175600828
11/7/2021 23:58:00,0.00175600828
11/8/2021 23:58:00,0.001753481652
11/9/2021 23:58:00,0.001759856739
11/10/2021 23:58:00,0.001761405034
11/11/2021 23:58:00,0.001759525299
11/12/2021 23:58:00,0.001759742147
11/13/2021 23:58:00,0.001758604359
11/14/2021 23:58:00,0.001758604359
11/15/2021 23:58:00,0.001761410646
11/16/2021 23:58:00,0.00175973254
11/17/2021 23:58:00,0.001757988161
11/18/2021 23:58:00,0.001760885203
11/19/2021 23:58:00,0.001758836682
11/20/2021 23:58:00,0.001758836682
11/21/2021 23:58:00,0.001758836682
11/22/2021 23:58:00,0.001763069818
11/23/2021 23:58:00,0.001761738599
11/24/2021 23:58:00,0.001772114788
11/25/2021 23:58:00,0.0017634568
11/26/2021 23:58:00,0.00177573032
11/27/2021 23:58:00,0.001775351846
11/28/2021 23:58:00,0.001775351846
11/29/2021 23:58:00,0.001775905321
11/30/2021 23:58:00,0.001771875796
12/1/2021 23:58:00,0.001775057345
12/2/2021 23:58:00,0.001777776446
12/3/2021 23:58:00,0.001783313605
12/4/2021 23:58:00,0.001780863901
12/5/2021 23:58:00,0.001780863901
12/6/2021 23:58:00,0.001783879344
12/7/2021 23:58:00,0.001784792895
12/8/2021 23:58:00,0.001788172661
12/9/2021 23:58:00,0.001788557049
12/10/2021 23:58:00,0.001791167339
12/11/2021 23:58:00,0.001791070355
12/12/2021 23:58:00,0.001791070355
12/13/2021 23:58:00,0.001799289936
12/14/2021 23:58:00,0.001805842679
12/15/2021 23:58:00,0.001804887569
12/16/2021 23:58:00,0.001798085139
12/17/2021 23:58:00,0.001794436682
12/18/2021 23:58:00,0.00179913609
12/19/2021 23:58:00,0.00179913609
12/20/2021 23:58:00,0.001790323072
12/21/2021 23:58:00,0.001786253728
12/22/2021 23:58:00,0.001777509569
12/23/2021 23:58:00,0.001775811847
12/24/2021 23:58:00,0.001774224848
12/25/2021 23:58:00,0.001784497037
12/26/2021 23:58:00,0.001784497037
12/27/2021 23:58:00,0.001767131857
12/28/2021 23:58:00,0.001764334696
12/29/2021 23:58:00,0.001760016564
12/30/2021 23:58:00,0.001761466571
12/31/2021 23:58:00,0.001762276742
1/1/2022 23:58:00,0.001762603176
1/2/2022 23:58:00,0.001762603176
1/3/2022 23:58:00,0.001765363309
1/4/2022 23:58:00,0.001758956813
1/5/2022 23:58:00,0.001762485203
1/6/2022 23:58:00,0.001756787682
1/7/2022 23:58:00,0.001752276919
1/8/2022 23:58:00,0.001758047333
1/9/2022 23:58:00,0.001758047333
1/10/2022 23:58:00,0.001748342975
1/11/2022 23:58:00,0.001747564493
1/12/2022 23:58:00,0.001748432111
1/13/2022 23:58:00,0.001755255617
1/14/2022 23:58:00,0.001765763309
1/15/2022 23:58:00,0.001760627214
1/16/2022 23:58:00,0.001760627214
1/17/2022 23:58:00,0.001757523072
1/18/2022 23:58:00,0.00175928443
1/19/2022 23:58:00,0.001761007096
1/20/2022 23:58:00,0.001760450883
1/21/2022 23:58:00,0.001765115299
1/22/2022 23:58:00,0.001760389102
1/23/2022 23:58:00,0.001760389102
1/24/2022 23:58:00,0.001769441416
1/25/2022 23:58:00,0.001770842088
1/26/2022 23:58:00,0.001777723072
1/27/2022 23:58:00,0.001774106504
1/28/2022 23:58:00,0.00176779537
1/29/2022 23:58:00,0.001774134814
1/30/2022 23:58:00,0.00177519809
1/31/2022 23:58:00,0.001770450883
2/1/2022 23:58:00,0.001769496139
2/2/2022 23:58:00,0.001768497037
2/3/2022 23:58:00,0.001765131135
2/4/2022 23:58:00,0.001765293579
2/5/2022 23:58:00,0.001763971352
2/6/2022 23:58:00,0.001763971352
2/7/2022 23:58:00,0.001771550291
2/8/2022 23:58:00,0.00176793964
2/9/2022 23:58:00,0.001778140824
2/10/2022 23:58:00,0.001780119419
2/11/2022 23:58:00,0.00178853254
2/12/2022 23:58:00,0.001783396445
2/13/2022 23:58:00,0.001783396445
2/14/2022 23:58:00,0.001781630765
2/15/2022 23:58:00,0.001777354211
2/16/2022 23:58:00,0.001775905321
2/17/2022 23:58:00,0.001764785317
2/18/2022 23:58:00,0.00176893254
2/19/2022 23:58:00,0.001767678102
2/20/2022 23:58:00,0.001767678102
2/21/2022 23:58:00,0.001763893487
2/22/2022 23:58:00,0.001764759297
2/23/2022 23:58:00,0.001788499096
2/24/2022 23:58:00,0.001777737416
2/25/2022 23:58:00,0.001776934907
2/26/2022 23:58:00,0.001776934907
2/27/2022 23:58:00,0.001790701783
2/28/2022 23:58:00,0.001792714353
3/1/2022 23:58:00,0.001793108203
3/2/2022 23:58:00,0.001797203664
3/3/2022 23:58:00,0.001805219786
3/4/2022 23:58:00,0.001805682207
3/5/2022 23:58:00,0.001805682207
3/6/2022 23:58:00,0.001823785739
3/7/2022 23:58:00,0.001818912457
3/8/2022 23:58:00,0.001803548928
3/9/2022 23:58:00,0.001806820259
3/10/2022 23:58:00,0.001804824558
3/11/2022 23:58:00,0.001809891181
3/12/2022 23:58:00,0.001814638225
3/13/2022 23:58:00,0.001814638225
3/14/2022 23:58:00,0.001806814349
3/15/2022 23:58:00,0.001798798043
3/16/2022 23:58:00,0.001803788115
3/17/2022 23:58:00,0.001799298982
3/18/2022 23:58:00,0.001805007096
3/19/2022 23:58:00,0.001797553842
3/20/2022 23:58:00,0.001797553842
3/21/2022 23:58:00,0.001798451465
3/22/2022 23:58:00,0.001807092126
3/23/2022 23:58:00,0.001803655186
3/24/2022 23:58:00,0.001802632316
3/25/2022 23:58:00,0.001798777706
3/26/2022 23:58:00,0.001803439644
3/27/2022 23:58:00,0.00180328007
3/28/2022 23:58:00,0.001787608176
3/29/2022 23:58:00,0.001793459167
3/30/2022 23:58:00,0.001791251408
3/31/2022 23:58:00,0.001798286386